0x302d482a,-1
0xf4dbdf21,0
0xa15d25e1,10
0xd65a1577,11
0x4f5344cd,12
0x3854745b,13
0xa630e1f8,14
0xd137d16e,15
0x483e80d4,16
0x3f39b042,17
0xaf86add3,18
0xd8819d45,19
0x8a707622,20
0xfd7746b4,21
0x647e170e,22
0x13792798,23
0x8d1db23b,24
0xfa1a82ad,25
0x6313d317,26
0x1414e381,27
0x84abfe10,28
0xf3acce86,29
0x936b4763,30
0xe46c77f5,31
0x7d65264f,32
0x0a6216d9,33
0x9406837a,34
0xe301b3ec,35
0x7a08e256,36
0x0d0fd2c0,37
0x9db0cf51,38
0xeab7ffc7,39
0xdc2ad1a4,40
0xab2de132,41
0x3224b088,42
0x4523801e,43
0xdb4715bd,44
0xac40252b,45
0x35497491,46
0x424e4407,47
0xd2f15996,48
0xa5f66900,49
0xc531e0e5,50
0xb236d073,51
0x2b3f81c9,52
0x5c38b15f,53
0xc25c24fc,54
0xb55b146a,55
0x2c5245d0,56
0x5b557546,57
0xcbea68d7,58
0xbced5841,59
0xccc98d74,5_volt
0x00cc3f59,5_volt_angry
0x1db87a14,6
0xee1cb326,60
0x991b83b0,61
0x0012d20a,62
0x7715e29c,63
0xe971773f,64
0x9e7647a9,65
0x077f1613,66
0x70782685,67
0xe0c73b14,68
0x97c00b82,69
0x6abf4a82,7
0xf7078267,70
0x8000b2f1,71
0x1909e34b,72
0x6e0ed3dd,73
0xf06a467e,74
0x876d76e8,75
0x4f57f554,75m
0x1e642752,76
0x696317c4,77
0xf9dc0a55,78
0x8edb3ac3,79
0xfa005713,8
0x709f9ea8,80
0x0798ae3e,81
0x9e91ff84,82
0xe996cf12,83
0x77f25ab1,84
0x00f56a27,85
0x99fc3b9d,86
0x8d076785,9
0x74dfb02a,9_volt_and_18_volt
0x2d24535e,_1
0xb42d02e4,_2
0xc32a3272,_3
0x5d4ea7d1,_4
0x2a499747,_5
0xb340c6fd,_6
0xc447f66b,_7
0x023cecae,_75m
0x54f8ebfa,_8
0x464f02aa,_a
0xdf465310,_b
0xaf2ca79f,_g
0xc2f14374,_r
0xe8b7be43,a
0xa3fe0347,able_sisters
0x45de2255,abomasnow
0xce311a8e,abra
0x03891a7a,absol
0xc6cf6a8e,absolutely_safe_capsule
0xdf7a45d8,absorber
0x2c3f7083,acc
0x1c3e405c,acc_u
0x5dfc36e5,accel
0xce9765a6,accel_x
0xb9905530,accel_y
0x5ce1fc42,accelx
0x2be6ccd4,accely
0xc55cd5b6,ace
0xafecf544,act
0x750c3871,act_off
0x672a15b0,act_on
0x47cc8c92,action
0x447556f9,actor
0xf5b289f4,actor_cambell
0x10daf24a,actor_id
0xbaea80d0,actor_meilin
0x321057bd,actor_otacon
0x83c9f781,actor_slippy
0xee4aa06e,adam_malkovich
0xfd1a73e7,add
0x3decf86d,adj_2_l
0xc7e3c50e,adj_2_r
0xea53ebaa,adj_l
0x105cd6c9,adj_r
0x4b038e1d,adjust
0x951cb383,aegislash
0x719229d8,aeron
0x25fffa1d,affinity
0x3ae90dfd,agahnim
0xdb3f1e65,agitha
0x095191e5,ai
0xbc60b8fb,air
0x19c9242c,air_man
0x373ef69d,airmd1
0xb6a15411,aisya
0xb4af8848,akari_hayama
0xeeed63f7,akira
0x384bc80b,akira_yuki
0x368b377d,akuma
0x8cd9b156,alessandro_inzaghi
0x143084cf,alexandra_roivas
0xf0383929,alfonzo
0x3b1871dd,all
0x2b6abff7,all_l
0x5c6d8f61,all_m
0xa662b202,all_s
0xe0cd00a2,allen
0xbf026629,alm_and_celica
0xdd55cd9e,alm_and_celica_childhood
0x1648edcb,alolan_exeggutor
0xc116073b,alolan_raichu
0x81f3d488,alolan_vulpix
0xd0e0396a,alpha
0x8461cb97,alpha_
0x5b8f0d82,alraune
0xc9f97f7e,alucard
0x7540bd1c,amakura_mayu_mio
0xc7360002,amazon_pandora
0xcee41892,ampharos
0xbe1b0d92,amy_rose
0x779f6fe2,ana
0x32f0fab4,ancient_minister
0xd9092b75,and_kensaku
0xd920577d,andrew_oikonny
0xa142c931,andross
0xfb7a935e,andross_brain
0xc8dfce6b,andy
0x00814509,angle
0x630987ec,angle2
0x00f75be9,angle_down
0x67e745c5,angle_speed
0x828c7f69,angle_up
0xf550a4bd,angle_x
0x8257942b,angle_y
0x1b5ec591,angle_z
0xf5002f62,anglex
0x82071ff4,angley
0x6a764300,animal_city
0x13feaa36,animal_island
0xc1b31090,animal_village
0x215cbeb7,anna
0x72278ac3,annie
0xb1cab241,antasma
0x64f3f7b4,any
0x8d0353fb,aoph
0x78561b27,ap_fire
0xabcffe39,ap_flame
0x6e931691,ap_metal
0x32823667,ap_spin
0x206e03cb,ap_steel
0xf476929e,ap_stuck
0x34142557,ap_sword
0x48e1f22e,apipes
0x037aa95c,app_bg
0x96794351,appeal
0x6c767e32,appear
0x3f09e55d,appear_frame
0x4bfc4322,appear_rate
0xfb3feede,apper
0x3e030acd,application_id
0xa5e62cfa,aquick_man
0xd0101101,arbok
0x40ae4d97,arcade_bunny
0x72ff3e26,arcanine
0x0db332e0,arceus
0xd7943d68,area
0xbd1df775,area_04
0xb4abbb5e,area_08
0x161b2ea2,args
0xa766e6e2,arm_and_leg_lift
0x61fccbdd,arml
0x9bf3f6be,armr
0x97a9ce35,arocks
0x683e14ab,arwing
0x752a9bf0,aryll
0x18f290eb,ashiba
0x42145c91,ashley
0xc0f9ce3b,ashley_ac
0x516344de,ashnard
0x7222a9a1,assign
0xa1ee878e,assist
0x27677c27,atk
0x47c02d3b,attack
0x20625f54,attack_check_type
0x6c751ced,attack_dash
0x5ae8328e,attack_data
0xa0728304,attack_lr_check
0xcf9be4fc,attack_lr_check_b
0x9ef7c5e8,attack_lr_check_backward
0xc8f620e5,attack_lr_check_f
0x98a00332,attack_lr_check_forward
0xd45c28b1,attack_lr_check_left
0x464ef7c0,attack_lr_check_lr
0x6a7c7544,attack_lr_check_pos
0x4b6b24ab,attack_lr_check_right
0xf087af49,attack_lr_check_speed
0xfc67e466,attack_no_effect
0x82191bd6,attack_no_invincible
0x64a8a81e,attack_no_stop
0xbf46208d,attack_no_xlu
0x5eb9424c,attack_offset
0x75c684a4,attack_power
0x0a4974b7,attack_r_add
0xd178dfc5,attack_r_eff
0xaea94030,attack_r_fix
0x6d13d1c9,attack_serial_hit_frame
0x19205a74,attack_shield
0x00dbe587,attack_size
0x07372576,attack_sound_attr
0x39558561,attack_sound_level
0x76441750,attack_stop_delay
0x7126ab06,attack_stop_frame
0x1cddc0c7,attack_vector
0x047e2314,attr
0xbdafd8c8,author
0x66ba25fa,auto
0x15b6a688,axl
0x78ab7317,ayumi_tachibana
0x13740919,azura
0x71beeff9,b
0xfdb35640,b2f
0x8c89e858,b_dasher
0x94001968,baba
0x118dc48f,baby_bowser
0xb7199243,baby_mario
0xdae03627,baby_peach
0xfef0481d,badge
0x84d73899,badwagon
0x771273c2,baito
0xacf41ffe,balance
0xa3b4b285,bald_bull
0xc803f5ba,balder
0x7432485b,ball
0x89ab413b,balloon_fighter
0xbdd2c84a,balloon_fish
0xfe29b834,balloonfight
0x8d0c4dce,ballyhoo_big_top
0x479a2619,balrog
0x038b67cf,banana
0xbe6396db,bandana_waddle_dee
0x27dcd708,bandit
0x1737a113,banzai_bill
0xc861a409,barbara_the_bat
0xd0c767ef,baron_k_roolenstein
0x9a6137b7,barrel
0x13a346d8,base_
0x34604b30,bass
0xc9732719,battle_id
0xdbb994bf,battle_type
0x51b7f6d5,battlefield
0x906f49d3,battlefield_l
0xea78e4c4,baxter_forthinton
0x36e06cc6,bayo_clock
0x006bd673,bayonetta
0x7f6d875f,bayonetta_first
0x0706126a,bayonette
0xc9fb7894,beamsword
0xbc7cb410,bear_hugger
0xd5f9069c,beat
0x129a227e,beedle
0x0ebc810e,beetle
0xf6dc4096,begin_frame
0x1d208c94,beit
0xda8ea989,bellossom
0xdf352cd7,bewear
0x370dda03,bg_color_b
0x47672e8c,bg_color_g
0x2abaca67,bg_color_r
0x55d74795,bg_set
0x363422a4,bgm2_id
0xffd8d435,bgm_01
0x66d1858f,bgm_02
0x11d6b519,bgm_03
0x8fb220ba,bgm_04
0xf8b5102c,bgm_05
0x61bc4196,bgm_06
0x8fa09753,bgm_id
0x31d0d0d9,bgm_set_id
0x9ac6a222,bgmadventure
0x7fbabbb7,bgmanimal
0x09d58699,bgmbeyo
0xeaacb78a,bgmboss
0x18df528a,bgmdk
0x5061f8ce,bgmdracula
0xcd511d0f,bgmfe
0x54584cb5,bgmff
0xe641b285,bgmfox
0x917fba23,bgmfzero
0xe2787a3c,bgmgamewatch
0xaa3c11b2,bgmicaros
0x8c3c9416,bgmkirby
0xd1e825c3,bgmmario
0x7a20cea3,bgmmetalgear
0x8723815a,bgmmetroid
0x8366daf8,bgmmkart
0x0fc3e7b2,bgmmother
0x12edd47d,bgmother
0xb4d37c10,bgmpacman
0x89ce9536,bgmpikmin
0xbac4aab1,bgmpokemon
0xbb7d8123,bgmpunchout
0x6377aae4,bgmrockman
0x63edaaa1,bgmsf
0xf2da4b7a,bgmsmashbtl
0xf26d6d2c,bgmsonic
0x2b901ceb,bgmspla
0xfbb8aae0,bgmwario
0xcff57b9e,bgmwiifit
0xf44f8b53,bgmxenoblade
0x55ed9df1,bgmyoshi
0xc8e42436,bgmzelda
0x30c38ca4,biddybuggy
0xd3fbe249,big
0x59caaf47,big_boss
0xa5eab8d4,big_the_cat
0x6074ca21,big_urchin
0x81fdc08a,biker
0x3793f99a,bio_rex
0xe81705ed,birdo
0x88185582,bizen
0x8985ba28,black
0x536ec088,black_knight
0x2211e415,black_shadow
0x0bede3c6,blackball
0xd5530050,blanka
0x85b9b07d,blargg
0x095a575f,blast_o_matic_laser
0xa274de51,blastoise
0x108b291b,blathers
0xf963754a,blaze_the_cat
0x7b1c355a,blaziken
0x831b9722,block
0x563fb5c4,block1
0xcf36e47e,block2
0xb831d4e8,block3
0x2655414b,block4
0x515271dd,block5
0xc85b2067,block6
0xbf5c10f1,block7
0x2fe30d60,block8
0x58e43df6,block9
0xce89a2df,blood_falcon
0x7424adf8,blooper
0x9e36cab4,blue
0x20f28f70,blue_add
0x74eadd36,blue_mul
0x725b67cd,blue_pikmin
0x381f9d67,bob_omb
0xdba80bb2,body
0x9b621d84,body_id
0x3d94cadb,bokoblin
0x800f7917,bomb
0xd8072d34,bomb_man
0xcb02500c,bomber
0x340d520f,bomberman
0xe24a6fcf,bombhei
0x3546bf77,bone
0x358f8435,boney
0x28dbb42a,bonkers
0x9f987f7a,bonus
0xa12cd0de,bonusgame
0xc5f4f9f1,boo_buddy
0xc10eba36,boo_mario
0xed42ae11,boom_boom
0xbee4ccfd,boom_boom_pom_pom
0xa59aacfc,boomerang
0x64257c39,boot_bg
0x8741240c,boots
0x3efe663a,boss
0xe4f015c8,boss_galaga
0x9da1c630,boss_scale
0x55463ec1,bossstage_dracula
0xc3b7d901,bossstage_final1
0x5abe88bb,bossstage_final2
0x2db9b82d,bossstage_final3
0x7fa23c16,bossstage_galleom
0x2805f09b,bossstage_ganonboss
0x620a8e92,bossstage_marx
0x7ee98a93,bossstage_rathalos
0x895f72a4,bottom
0xe9422eb0,bowser
0xef33f4cb,bowser_jr
0x01aa2744,bowser_wedding
0x16223d8b,brake
0xa23bb1d9,brake_x
0x0c7c50da,break
0x13235b97,brewster
0x4a893a69,bridge_hp
0xd05db85d,brittany
0x058a1d83,bronto_burt
0xebbbac1d,broque_monsieur
0xeb20f1f7,bubble
0x383c8845,bubbles
0xc6521a95,bugzzy
0xfea4a5e4,builder_mario
0xe657a5fd,bullet_bill
0x0ccecb07,bumper_attack_power
0x73413b14,bumper_attack_r_add
0xa8709066,bumper_attack_r_eff
0xd7a10f93,bumper_attack_r_fix
0x62fa790e,bumper_attack_serial_hit_frame
0x537b3ada,bumper_attack_vector
0xc280c48c,bure
0xb27a11e5,burrowing_snagret
0x8b6cb0f7,burt_the_bashful
0xb12bd53f,bust
0xcedfa53a,bustn
0x3a06ac3d,button
0x8edb47cd,buzz_buzz
0xa23453e6,byrne
0x9f067d3f,bytans
0x06b9df6f,c
0xf873561a,c00_group
0x15c075de,c00_index
0x5e045dae,c01_group
0xb3b77e6a,c01_index
0x6fec4733,c02_group
0x825f64f7,c02_index
0xc99b4c87,c03_group
0x24286f43,c03_index
0x0c3c7209,c04_group
0xe18f51cd,c04_index
0xaa4b79bd,c05_group
0x47f85a79,c05_index
0x9ba36320,c06_group
0x761040e4,c06_index
0x3dd46894,c07_group
0xd0674b50,c07_index
0x287b0c78,c_type
0xd62d14fe,c_x
0xa12a2468,c_y
0x382375d2,c_z
0x7adfb7fe,cactus
0xee129c40,caeda
0x95bf4e98,calciobit_player
0xd9274c09,calista
0x3b1cee05,camera
0xdb1a9a4e,camera_param
0xd3550ea7,camera_quake
0x712619ad,camilla
0x22afeee7,cammy
0x03d598ff,campaignmap
0x40619fa0,camus
0x693c09ec,can_demo
0xa84fe180,can_pause
0x788e2256,can_select
0x459c4171,cancel_frame
0x39b0d243,candy_kong
0x859e56da,capn_cuttlefish
0xc93db2d8,cappy
0x5f42c3eb,captain_charlie
0x4f3bb742,captain_falcon
0x27668ec2,captain_olimar
0x3c265d7b,captain_rainbow
0x51aa3131,captain_syrup
0xf578fd7c,captain_toad
0x773de69d,car
0x69b930b2,cardboard_box
0xc5d1dffe,carmilla
0x4739f11c,carrier
0x316af42e,cat_position_x
0x466dc4b8,cat_position_y
0xdf649502,cat_position_z
0x57e805b6,cat_princess_peach
0x064c19c1,category
0xae064df5,category_assist
0x80e1b162,category_carrier
0x4fbf345b,category_change
0xb9885b89,category_effect
0x1a408cf9,category_equip
0xb6f7b32c,category_explosion
0x27562cca,category_fusion
0x88dfb1cb,category_helper
0xa504d08d,category_pokemon
0xc4d23f11,category_punch
0x3250b133,category_recover
0x9877b3f7,category_shoot
0x8bb37f9d,category_special
0x022fedbb,category_strike
0xa7a00e7e,category_throw
0x3239b5c3,celebi
0x0f0d75be,celeste
0xcb8787e2,cell
0x40f0eb24,center
0x807f980c,center_a
0x1976c9b6,center_b
0xafbbb34f,centurion
0x0e3f8504,cereza
0x21b19c06,chain_chomp
0x70b29776,challenger
0x3885baf6,chandelure
0x1c474974,change_none
0x9eac2e24,change_stage
0x1e39ca5e,change_wait
0xdbda5a8f,chansey
0xeff83b46,chao
0x845ed395,chaos
0xbd9b54f5,chaotix
0x5c1d93d1,chappy_start_frame
0xb58144dc,chara_color
0xd93f99a7,chara_id
0x556ba434,charge
0xa3dc30e5,charge_frame
0xc688d4a0,chargin_chuck
0x65a1b3bc,charizard
0x5c6a8ea5,charlotte_aulin
0x7bc9bbd9,charmander
0x70591053,check0
0x075e20c5,check1
0x9e57717f,check2
0xe95041e9,check3
0x7734d44a,check4
0x0033e4dc,check5
0x695e23a8,check_type
0x287f82e7,cheep_charger
0x525cbf82,cheer_girls
0xf24846e6,chef
0x524f77c3,chef_kawasaki
0x95239d03,chef_ptc
0xa109079f,chespin
0xfb44b3b7,chest
0x70af858b,chibi_robo
0x3a42bdaf,chibi_tot
0x8826be9c,chicken
0x10407176,chikorita
0x692f43fb,chozo_statue
0x6031f3df,chrom
0x0ddba110,chuchu
0xb3987f64,chun_li
0x95fdf4fd,chun_li_zero
0x870f6383,chunky_kong
0x73846bdc,city_tripper
0x65f99e6f,clap
0xbb11be19,claus
0xc957f081,clefairy
0xb9304ad8,cliff
0x9fb9553f,cliff_hang_data
0x7415085c,clip_snip
0x325c16d4,cloud
0x1a7ea0ce,cloud_ac_ssb
0x2c778e74,cloud_ssb
0xb8ee3872,club
0xae31ab82,cobalion_terrakion_virizion
0x63146cd7,cody
0x6a6d4ed4,coe
0xa6f72f0e,col_attr
0x30ee124e,collision_attr_bury
0x860b063a,collision_attr_cutup
0x74a84539,collision_attr_death
0x462fcfe4,collision_attr_elec
0xbeb18342,collision_attr_fire
0xc7990841,collision_attr_ice
0x9ae97939,collision_attr_magic
0x99ff8a42,collision_attr_none
0xa2c502b3,collision_attr_normal
0x9c4e24c5,collision_attr_paralyze
0xbf0ee04f,collision_attr_punch
0x68dc84cd,collision_attr_water
0x77723c78,collision_part_mask_all
0x00a16150,collision_sound_attr_bomb
0xfddcec06,collision_sound_attr_cutup
0x20ee5d2e,collision_sound_attr_elec
0xd8701188,collision_sound_attr_fire
0xeac53520,collision_sound_attr_freeze
0x9e7bc742,collision_sound_attr_kick
0xe13e9305,collision_sound_attr_magic
0xff3e1888,collision_sound_attr_none
0xc4d90a73,collision_sound_attr_punch
0x665648e9,color
0xb1f4e5fb,color_a
0x28fdb441,color_b
0x589740ce,color_g
0x0ce65ae1,color_num
0x354aa425,color_r
0x7a328f48,combo_end_frame
0xec89b87f,condor
0x13e32adf,continue
0x8ab8a7ca,coo
0x7643216b,copper_and_booker
0x5450dde0,coraline
0xaf5f8d2f,cordelia
0xcab3f89b,corps
0xa9f38a1b,corrin_female
0x50276325,corrin_male
0x182694fc,cost
0x37cf7714,cost1
0xaec626ae,cost2
0xd9c11638,cost3
0xbd39087b,count_cannoli
0x169e6fb9,course
0xba80502e,cpu
0x8d5ff519,cpu_lv
0x95fd10a6,cpu_lv_3
0x72849a1d,cpu_tag
0x46af61df,cranky_kong
0x612a6aae,crash_man
0x025b5bae,crazee_dayzee
0xc31e8a96,crazy_hand
0xa3fc4d81,cream_and_cheese
0x8886aaaa,creature_flea_man
0x1cc16efe,credit
0x44670d45,cresselia
0xc6b4cb63,crispin
0x5079bde4,crown
0xa7d5e4b2,crusty_sean
0x1a92d383,cubone
0x9d1d9bfa,cucco
0x1702d215,culdra
0xee40b7d1,cupid
0x27f4c4fc,curry
0xc57f6a8e,cursor
0xd68e50c5,curve1
0x1f03674e,curve10
0x680457d8,curve11
0xf10d0662,curve12
0x860a36f4,curve13
0x186ea357,curve14
0x6f6993c1,curve15
0xf660c27b,curve16
0x8167f2ed,curve17
0x11d8ef7c,curve18
0x66dfdfea,curve19
0x4f87017f,curve2
0x342e348d,curve20
0x4329041b,curve21
0x388031e9,curve3
0xa6e4a44a,curve4
0xd1e394dc,curve5
0x48eac566,curve6
0x3fedf5f0,curve7
0xaf52e861,curve8
0xd855d8f7,curve9
0x75020245,cut_man
0xff8dc3c3,cutie_flower
0xe8f92be4,cutie_j
0x099cf613,cutin
0xd71b02f3,cyborg
0xb086d193,cycle
0x98dd4acc,d
0x098fc3dd,d_alpha
0xfecd7567,d_min_v
0x86a64549,dad
0x43c7a5f4,daisy
0x11c8546c,damage
0x4bb0bac0,damage_shape
0x74a94ef0,dan_hibiki
0x184bfd6f,dance
0xb6156075,danger
0x1b7cbdfb,dark
0x473a8853,dark_beast_ganon
0x79fde3bc,dark_daroach
0x5c0239a3,dark_load
0x56641dd5,dark_man_4
0x32facf34,dark_matter
0x67ab3ebb,dark_mind
0x9082ce80,dark_pit
0x0c219274,dark_samus
0x90a7c2a0,dark_suit
0x09617666,darknut
0x51f597fe,darkrai
0x85c64f94,daroach
0xf6573fab,daruk
0xdf30828f,darumesi_inuzi
0x320def7c,darunia
0x71cc9d09,darz
0x9b6edd00,dash
0x94477e7a,dash_bowman
0x1f3aa80a,dasher
0xadf3f363,data
0xfa31cdb7,daybreak
0x9b2fae90,daytime
0x2a5a6784,db_root
0xf211cafa,deacon
0xed254924,dead
0xe747d52e,death
0xb5644639,dedede
0x5e09ca09,dedenne
0x686f1320,dee_jay
0x4a72df7a,deep_breathing
0x0cc4e161,def
0xe35e00df,default
0x8f701ce7,default_color
0xdba5f575,defense
0xa7a36d63,degree
0x80b7b915,deirdre
0x7d7a815c,deku
0x0078f043,deku_link
0x3a127c87,delete
0x9643fed9,delta
0x287da12c,demille
0xc4f57441,demise
0xae0842e5,demon
0x7d232856,deoxys
0xfaa31c69,depth
0xb93cb278,detective_pikachu
0x062fc8de,devil
0x021b37fb,dhalsim
0x64dbf75f,dialga
0x71b30797,diancie
0xa10ee254,dice
0xf17477ea,diddy_kong
0xbb6b6fef,difficulty
0xdf348301,digby
0x139e14bd,diggernaut
0xced7b81b,dillon
0x2b26703c,dimentio
0x907de06b,dimitri
0xaeaa265f,din
0x670f6b00,dion_max_jack
0xbaab7a10,dir
0x8b51bdf2,dir_mul
0x2017154e,direct
0x28166ab1,disappear
0x9f061eb2,disapper
0x6357bbf4,disk_kun
0xcb22637c,disp_order
0x4705f12b,disp_order_sound
0x29189eae,ditto
0xa6893fc1,dive_man
0xc9ab82c3,dixie_kiddy
0xcfa3f0ae,dixie_kong
0xc18a417d,dj_k_k
0x3bd50978,dj_octavio
0x5ccca503,dk_bongos
0x0040c1c8,dk_jumbo
0x45364edf,dk_jungle
0x22d7a547,dk_lodge
0xfaf08af6,dk_waterfall
0x9d45c095,do
0xb945bd81,doc_louis
0x916fca8e,dodge
0x5bbbf3bd,dokan
0xad8adbbc,dolphinbomb
0xfd535f70,don_bongo
0xd49c0c9a,don_flamenco
0x0e40d7b0,don_resetti
0xb24b029c,donbe_and_hikari
0xe075eb4b,donbe_hikari_shin_oni
0x7aa2c4ec,donkey_kong
0x8e0eda92,donkey_kong_jr
0x150e738a,donkey_kong_sr
0x07ed59d8,doom
0x566cb24f,doseisan
0xeeba14e4,dossun
0x1cff903b,down
0xe19933dd,down_1
0x78906267,down_2
0x0f9752f1,down_3
0x55fbd00a,dr_andross
0xd6dd5025,dr_crygor
0x8f0ad9dc,dr_cutlery
0x9f577f71,dr_eggman
0x7bc0db91,dr_kawashima
0x84603106,dr_kawashima_ct
0x1a94a1e2,dr_light
0x46541b0c,dr_lobe
0x6bd3398b,dr_mario
0x4a88b403,dr_shrunk
0x80a82c7a,dr_stewart
0x4f43c6e1,dr_wily
0xb8a174c5,dr_wright
0x739838f8,dracula_castle
0x27d829b4,dragon
0xc0d5937e,dragonite
0xad383d2f,dragoon
0x62198b00,drake_redcrest
0xa32d96d8,draug
0xe725c6b8,dreambert
0x87c0bc6b,dribble_and_spitz
0xa1ecb7f0,drill
0x31a45f8e,drill_man
0x11667cd9,driver
0xa33e9320,drum
0xfa534f6e,dry_bower
0x61a62c52,duck_hunt
0xefef3357,duckhunt
0x4872a775,dugtrio
0x4ff4f23f,dummy
0x55d30a97,dunban
0xd6c6afc1,dungeon_man
0x3fda4b94,duo
0x8f552ec4,duon
0x865f80c0,duration
0x9f66c35c,duster
0x2660684f,dwarf_bulborb
0x95a000fd,dyna_blade
0x750d7903,dyntos
0x2b3f398b,dzone
0xefda7a5a,e
0x7f8abdb1,e0
0x088d8d27,e1
0x9184dc9d,e2
0xe683ec0b,e3
0x7ed9f88a,e_102_gamma
0x14d1b908,e_123_omega
0x0a50c480,e_honda
0xad62f39f,eagle
0x49629a97,easy
0xee2616c6,eevee
0xbbb5a7ba,eevee_partner
0x262bd895,eff
0xb66091f2,effect
0x849bccaa,eggplant_men
0x8d39c0b8,eggplant_wizard
0x477b6dea,eievui
0x4755516c,eirika
0xa0404569,elec
0x3219956d,elec_man
0x92f1e276,electrode
0x14a0adf2,eleka
0x69d759b7,elena
0xb0141248,elincia
0xcbdb2a1d,elincia_queen
0x98cc08d6,elise
0xe7c6af41,elite_beat_agents
0x5e4b5a5d,elite_beat_divas
0x0a13b173,eliwod
0x2e2a30e6,ellie
0x4569ceec,elline
0x8697ae4d,elma
0xaa672b41,emperor_bulblax
0x7fc38b5f,empress_bulblax
0x00fc33b1,end
0xc4677bc8,end_frame
0x7af08004,end_l
0x80ffbd67,end_r
0x602a5479,end_x
0x172d64ef,end_y
0x8e243555,end_z
0x1413d44f,ending
0xfb9f5aa9,enemy
0x97117991,energy
0xeac5017f,enguarde
0x33150982,entei
0xb970c06e,enter
0x2b219d70,entry
0xdf87df49,env_se
0xe99d897a,ephraim
0x7e8f3446,epona
0x2eb55cc9,etc
0x614a20ff,etc1
0xf28d5f67,eva
0xa55148c2,evdark
0xf5e09b7e,eve
0x3bae0aa7,event
0x77f6af2d,evstar
0x81e308ac,exhibit_year
0x9409840e,exit
0x29ced650,expresso
0xac265168,eye_x
0xdb2161fe,eye_y
0x42283044,eye_z
0x609f6dc9,ezlo
0x76d32be0,f
0x6ec66634,f_l_u_d_d
0x78b69dcb,f_type
0xa5ae9985,fairy_bottle
0x7dfce2d3,fake_y
0xe4f5b369,fake_z
0x539a543f,falco_lombardi
0x4e6eeca8,fall_x_mul
0x71f62476,far
0x90c181c5,far_
0x2eaa0eaf,far_clip
0x688e9f81,farfetchd
0x256649c4,fast
0xca8399d2,father_balder
0x67c39c6e,fawful
0xbd4387f3,fe_arena
0xc79c788d,fe_colloseum
0xf6d4ecdf,fe_siege
0x254365eb,fei_long
0x77846965,felix
0x78487567,female_pokemon_trainer_ssb
0x988fe62a,female_trainer
0x057cf789,festival
0x1110225d,ff_midgar
0xf54c5b9f,fflyer
0x46100722,fi
0xf3cff7bf,fierce_deity_link
0xee421dfc,fiery_blowhog
0x7a08c3fc,fighter
0x541ef0b2,fighter_kind
0xefa9014d,fighter_kind_bayonetta
0xde9fbfc5,fighter_kind_captain
0x2e4c5ba0,fighter_kind_chrom
0x7c21beab,fighter_kind_cloud
0x84ce50e4,fighter_kind_corps
0x0dba0d8b,fighter_kind_daisy
0x7590573c,fighter_kind_dedede
0xc55532a1,fighter_kind_diddy
0x5719effd,fighter_kind_donkey
0xf8282714,fighter_kind_duckhunt
0xcfa73b00,fighter_kind_falco
0xf833a6ef,fighter_kind_fox
0x09f9812f,fighter_kind_gamewatch
0x2af1b944,fighter_kind_ganon
0x26792cf8,fighter_kind_gaogaen
0xdce2594f,fighter_kind_gekkouga
0xcc9a036c,fighter_kind_ice_climber
0xf405480f,fighter_kind_ike
0x31aaf466,fighter_kind_inkling
0xc30e8564,fighter_kind_kamui
0xfed06867,fighter_kind_ken
0x09f4dd34,fighter_kind_kirby
0x53f95a4e,fighter_kind_koopa
0x90e38ebb,fighter_kind_koopag
0x8584085a,fighter_kind_koopajr
0x4261a72f,fighter_kind_krool
0x4f87b213,fighter_kind_link
0x4cc41e55,fighter_kind_littlemac
0x9970e8e1,fighter_kind_lucario
0x77079a99,fighter_kind_lucas
0x906caf9d,fighter_kind_lucina
0xd1a841b3,fighter_kind_luigi
0x54206ce1,fighter_kind_mario
0x4f84b84e,fighter_kind_mariod
0x3528955e,fighter_kind_marth
0xa0f92309,fighter_kind_metaknight
0x8ced9f4e,fighter_kind_mewtwo
0x1d8d1990,fighter_kind_miienemyf
0x6a8a2906,fighter_kind_miienemyg
0x7050fd7b,fighter_kind_miienemys
0xde1da827,fighter_kind_miifighter
0x6e9fae70,fighter_kind_miigunner
0x89d173d5,fighter_kind_miiswordsman
0x25947ce7,fighter_kind_murabito
0x0b48c23e,fighter_kind_nana
0x009477b6,fighter_kind_ness
0x06bb2b2d,fighter_kind_none
0x4b155e5a,fighter_kind_packun
0x6136f5bd,fighter_kind_pacman
0xd6fa9492,fighter_kind_palutena
0x39d9c885,fighter_kind_peach
0xe6e65f1f,fighter_kind_pfushigisou
0xf0791641,fighter_kind_pichu
0x84f79606,fighter_kind_pikachu
0x5c2b1c9b,fighter_kind_pikmin
0xbf749280,fighter_kind_pit
0x9cb9184b,fighter_kind_pitb
0xa86efc01,fighter_kind_plizardon
0x82e9dd40,fighter_kind_popo
0x86cc8de4,fighter_kind_ptrainer
0x642ccf8c,fighter_kind_purin
0xb9c57bd9,fighter_kind_pzenigame
0xd6cfcbd0,fighter_kind_random
0x766c540d,fighter_kind_reflet
0x6cb3dd7f,fighter_kind_richter
0x67240d3a,fighter_kind_ridley
0x9656d69b,fighter_kind_robot
0xcbc59038,fighter_kind_rockman
0xff0713f3,fighter_kind_rosetta
0x941b9dd5,fighter_kind_roy
0x81356429,fighter_kind_ryu
0x6efca05d,fighter_kind_samus
0x8d699b25,fighter_kind_samusd
0xe8fc7b64,fighter_kind_sheik
0x251abe2e,fighter_kind_shizue
0x89ad2c51,fighter_kind_shulk
0x78631eb0,fighter_kind_simon
0x1f10c3e1,fighter_kind_snake
0x77a5240e,fighter_kind_sonic
0xb1945ece,fighter_kind_szerosuit
0xef495a02,fighter_kind_toonlink
0x7e70e3c2,fighter_kind_wario
0x1a10f233,fighter_kind_wiifit
0x80950000,fighter_kind_wolf
0xd025d4d3,fighter_kind_yoshi
0xec54781f,fighter_kind_younglink
0x4d2c6d14,fighter_kind_zelda
0x36494718,fighter_scale
0xe3041b42,fighter_type
0x718e9a4e,fighter_type_both
0x763b7479,fighter_type_closed
0x53795179,fighter_type_normal
0xdfaa1ec6,fighter_type_opened
0x22062de6,fighter_type_other
0xca85ed4b,fighting_alloy_team
0x82a8e361,file_path
0xecd55cc6,final
0x683e0cd4,final2
0x20c9eb18,finish
0xf2490bde,fiora
0x536030b5,fiora_mechonis_armour
0x58de09cf,fire
0x9bd59267,fire_attack
0x7bc27e86,fire_flower
0x7f3d7aaa,fire_man
0xee5dbe68,fireflower
0xe89e360e,fishmen
0x59fa4760,fix
0x9ec9ce32,fixed
0x38a17a95,fixed_camera_center_x
0x4fa64a03,fixed_camera_center_y
0xd6af1bb9,fixed_camera_center_z
0x3df8429d,fixed_camera_fov
0x9a34890a,fixed_camera_horizontal_angle
0xe28da111,fixed_camera_vertical_angle
0xd1f4eb9a,flag
0x39dd2d59,flag_
0x9e7cb60d,flagman
0xc86412ff,flare
0x428c0cf8,flash_man
0x277cce0f,flatzonex
0x72164d50,flick
0x4ab03ee8,flint
0x9afee455,flip
0xbe45d62e,floor
0xa7d7c1da,flower
0x538a83b3,fly
0x256978a8,fly_data
0x206dde2c,flygon
0x5018bc31,flying_men
0xac9378c1,fokko
0x68344470,follow
0xffc98f39,footl
0x05c6b25a,footr
0x1177c39a,form_battle
0x45c3a038,form_end
0x236bbc4a,form_normal
0x18ff533e,form_type
0x67315881,formula
0xd5268a64,fortitudo
0xe818cde1,fov
0x2c3eec36,fovy
0x44f94ad9,fox_00
0xa196e22f,fox_corneria
0xbb136428,fox_luigi
0x02ba9e05,fox_lylatcruise
0xa40883d5,fox_mccloud
0x0ba1e400,fox_venom
0xb5f83ccd,frame
0x177462d6,frame_a
0x8e7d336c,frame_b
0x74d4e598,frame_length
0x912d9713,freezer
0xbe4b5dd8,freezie
0x88ab5c32,french_bulldog
0x53c55bc6,frey_and_freya
0x145b2410,frillard
0x8f2db0a9,frog_and_snake
0xeba01757,from_blue
0xe9eccb3e,from_green
0x061f204d,from_red
0x82746dde,fronks
0x75c5c23e,fruits
0xd8fd7a93,funky_kong
0xf8a82df5,fusion_suit
0x144e57ff,fzero_bigblue
0xf42b83e2,fzero_mutecity3ds
0x4803d96b,fzero_porttown
0x01d41b76,g
0xade5aaca,gabriel_belmont
0xd0952d00,gain
0xaf88a473,gain_color_a
0x3681f5c9,gain_color_b
0x46eb0146,gain_color_g
0x2b36e5ad,gain_color_r
0xbc442446,galacta_knight
0x288d85be,galaga
0x27124c11,galaxy_man
0xa29dc05b,galleom
0xea2aad69,gandrayda
0x9bdd79d3,gangrel
0x6085232f,gangster_lady_police
0xfc1db1d5,ganon_botw
0xe5dd7326,ganon_ocarina
0x887428ad,ganondorf
0x5862a865,ganondorf_tp
0x37faa7ea,garchomp
0x7ce19f36,gardevoir
0x763d5adf,garet
0x71b04b2f,garon
0xf18e6c2e,gauss
0xfe4eb115,gekko
0x0059d70a,gen
0xc7470a42,gender
0xe355ee25,general_pepper
0x2b800866,genesect
0xa16d711f,gengar
0xefda238d,geno
0xa60b7a82,geo_stelar_omega_xis
0x4a1122fb,geodude
0xacacab6d,gharnef
0xe9de5e81,ghirahim
0xbadc0fe5,ghosts
0x29f4f989,giga_bawser
0x6bbd3361,giga_mac
0x87de1fbe,gimmick
0x210a5d49,giratina
0x5753ac2a,giratina_origin_form
0x4ed95cab,glass_joe
0x9fdd50ea,glory_of_heracles_hero
0x1efb646a,goal_x
0x69fc54fc,goal_y
0x71a5d2b9,gogoat
0xc81ede6b,goku_and_chao
0x11837cb2,gold_bone_gang
0x8a716da9,gold_mario
0x3ec530f4,goldeen
0xaa6f418f,golden_mushroom
0x02d2a7b2,goldenhammer
0xab47f943,goligan
0xc436d17a,gomorrah
0xed00934c,goo_goo_buggy
0xfcad6172,gooey
0xf1659910,goomba
0x059cd541,gordo
0x780c9929,goroh
0x0f9efc78,gorons
0x67cd8dc8,gracie
0xa80d9ff3,grass
0x5a1d25a7,gravity
0xbe21ff63,gravity_man
0xb5c7f672,gravity_suit
0x901ecf88,gray_fox
0xe9a07dee,great_fairy
0x4585b19c,great_fox
0xaefbe1f7,great_tiger
0x2ee168b9,great_zap_fish
0xd09aee21,green
0x06feefa8,green_add
0x52e6bdee,green_mul
0xfe2f7a7b,greenshell
0x1b006c4c,greninja
0x01a20d3b,grim_leecher
0x3e25f944,groose
0xd5a5e926,groudon
0xa7ff8368,ground
0xf06d3970,groups
0xfa6a6e50,gryll
0xaf1213cc,guard
0x64486055,guardian
0xacb79a35,guest
0xca9ec735,guide
0x02474d3d,guile
0x927bffb3,gulliver
0x2a100db1,guts_man
0x616b2817,gyarados
0x1c9124c4,gyro
0x27b8e8ee,gyro_2
0x63b55931,gyromite
0x0232753d,gyrowing
0x916b06e7,h
0x371d7543,h01
0x6a8857f7,h01t
0xae1424f9,h02
0x41a50434,h02t
0xd913146f,h03
0x58be3575,h03t
0x477781cc,h04
0x17ffa3b2,h04t
0x3070b15a,h05
0x0ee492f3,h05t
0xa979e0e0,h06
0x25c9c130,h06t
0xde7ed076,h07
0x3cd2f071,h07t
0x4ec1cde7,h08
0xbb4aecbe,h08t
0x39c6fd71,h09
0xa251ddff,h09t
0x59017494,h10
0x72510c81,h10t
0x2e064402,h11
0x6b4a3dc0,h11t
0xb70f15b8,h12
0x40676e03,h12t
0x72a2876f,hades
0x2c9e0ce7,hades_final
0xa1d0e746,hakkun
0xbebad1cd,hal_emmerich
0x32ba1339,halberd
0xdef58a36,hammer
0x9163398c,hammer_bros
0x50fee843,hammer_mini_mario
0xff4023fe,hana_j_s
0x2762428f,hand
0x35fd7abb,handicap
0x946fb9a8,hanenbow
0xbe6b1335,hang
0xdd4887b6,happy_mask_salesman
0xc1151fd2,hard
0x64380f4f,hard_man
0xac5d00d3,harriet
0x8f5f3525,harry
0xd1b862b8,hash
0x91efec11,hassam
0x8c6a5980,hat_id
0xa7f3f69c,head
0x81168f4b,headn
0xa9287eae,heal
0xc51c79b0,heal0
0xb21b4926,heal1
0x8bcb8355,heavy_lobster
0x22b22bb0,hector
0x3f311f5a,hector_vampire
0xf54de50f,height
0x2ea0415f,helirin
0x7aaaeea6,helmet
0xab0d0bb6,henry_fleming
0xe4c220df,heracles
0xb0d76714,heracross
0x6f135900,hero_chao
0x67481dd9,hewdraw
0x48910219,heyho
0xa499cb2b,hide
0x4d122a35,hikari
0x53a7be31,hilda
0x0960a670,hinawa
0xe589d627,hinoka
0x5dbfe258,hip
0xde4556e3,hit_data
0x52326040,hit_height_center
0xf9922197,hit_height_high
0x687097ec,hit_height_low
0xd0657115,hit_status_invincible
0xd6242cfb,hit_status_normal
0x5a32d231,hit_status_xlu
0x194b0b01,hit_x
0x6e4c3b97,hit_y
0xf7456a2d,hit_z
0xc65f3ce3,hitmonlee
0xcac9db4b,ho_oh
0x1245e65e,hockey
0xb8debfbe,hockey_player
0x08e96eb9,hoge1
0x1fca0d07,hold
0xfcfc0767,homerunbat
0xf2cd03d7,homura
0x7f3f9c94,honey
0x4d3101f8,honey_queen
0xb9dd4b47,hongo
0x5a2488e1,hoopa
0x1cbb342e,hoopa_unbound
0x8eba60cc,hope
0xc9b670b8,hori0
0x56720ffc,hothead
0x40968bf1,houndoom
0xbcf8826c,hp
0x9a2004df,hp_00
0xed273449,hp_01
0x742e65f3,hp_02
0x03295565,hp_03
0x9d4dc0c6,hp_04
0xea4af050,hp_05
0x7343a1ea,hp_06
0x833b359e,hp_10
0x9e98ae12,hp_150
0xa9efc700,hp_down
0x3a1d564d,hp_enable
0x5dee2834,hp_max
0x61f2fe0f,hp_up
0xacc9a147,hp_value
0xe36ce7f1,hsien
0x72516cd3,hswing
0xbcbffc31,huey
0xfaf466b8,hugh_baldwin
0xfbca18ec,hungry_luma
0x419f6a74,hydrant
0x99b5dfb3,hydreigon
0xe66c3671,i
0x23721c82,ibuki
0x3d78f322,icarus_angeland
0x4cc19d9f,icarus_skyworld
0xfbe31282,icarus_uprising
0xb88d39bb,ice_loc
0x597d02bf,ice_man
0x2e068aad,ice_top
0x46496775,iceclimber
0xbf396750,id
0xb1649f2a,id_clear_getter_0000
0xc663afbc,id_clear_getter_0001
0x5f6afe06,id_clear_getter_0002
0x286dce90,id_clear_getter_0003
0xb6095b33,id_clear_getter_0004
0xc10e6ba5,id_clear_getter_0005
0x58073a1f,id_clear_getter_0006
0x2f000a89,id_clear_getter_0007
0xbfbf1718,id_clear_getter_0008
0xc8b8278e,id_clear_getter_0009
0xa87fae6b,id_clear_getter_0010
0xdf789efd,id_clear_getter_0011
0x4671cf47,id_clear_getter_0012
0x3176ffd1,id_clear_getter_0013
0xaf126a72,id_clear_getter_0014
0xd8155ae4,id_clear_getter_0015
0x411c0b5e,id_clear_getter_0016
0x361b3bc8,id_clear_getter_0017
0xa6a42659,id_clear_getter_0018
0xd1a316cf,id_clear_getter_0019
0x8352fda8,id_clear_getter_0020
0xf455cd3e,id_clear_getter_0021
0x6d5c9c84,id_clear_getter_0022
0x1a5bac12,id_clear_getter_0023
0x843f39b1,id_clear_getter_0024
0xf3380927,id_clear_getter_0025
0x6a31589d,id_clear_getter_0026
0x1d36680b,id_clear_getter_0027
0x8d89759a,id_clear_getter_0028
0xfa8e450c,id_clear_getter_0029
0x9a49cce9,id_clear_getter_0030
0xed4efc7f,id_clear_getter_0031
0x7447adc5,id_clear_getter_0032
0x03409d53,id_clear_getter_0033
0x9d2408f0,id_clear_getter_0034
0xea233866,id_clear_getter_0035
0x732a69dc,id_clear_getter_0036
0x042d594a,id_clear_getter_0037
0x949244db,id_clear_getter_0038
0xe395744d,id_clear_getter_0039
0xd5085a2e,id_clear_getter_0040
0xa20f6ab8,id_clear_getter_0041
0x3b063b02,id_clear_getter_0042
0x4c010b94,id_clear_getter_0043
0xd2659e37,id_clear_getter_0044
0xa562aea1,id_clear_getter_0045
0x3c6bff1b,id_clear_getter_0046
0x4b6ccf8d,id_clear_getter_0047
0xdbd3d21c,id_clear_getter_0048
0xacd4e28a,id_clear_getter_0049
0xcc136b6f,id_clear_getter_0050
0xbb145bf9,id_clear_getter_0051
0x221d0a43,id_clear_getter_0052
0x551a3ad5,id_clear_getter_0053
0xcb7eaf76,id_clear_getter_0054
0xbc799fe0,id_clear_getter_0055
0x2570ce5a,id_clear_getter_0056
0x5277fecc,id_clear_getter_0057
0xc2c8e35d,id_clear_getter_0058
0xb5cfd3cb,id_clear_getter_0059
0xe73e38ac,id_clear_getter_0060
0x9039083a,id_clear_getter_0061
0x09305980,id_clear_getter_0062
0x7e376916,id_clear_getter_0063
0xe053fcb5,id_clear_getter_0064
0x9754cc23,id_clear_getter_0065
0x0e5d9d99,id_clear_getter_0066
0x795aad0f,id_clear_getter_0067
0xe9e5b09e,id_clear_getter_0068
0x9ee28008,id_clear_getter_0069
0xfe2509ed,id_clear_getter_0070
0x8922397b,id_clear_getter_0071
0x102b68c1,id_clear_getter_0072
0x672c5857,id_clear_getter_0073
0xf948cdf4,id_clear_getter_0074
0x8e4ffd62,id_clear_getter_0075
0x1746acd8,id_clear_getter_0076
0x60419c4e,id_clear_getter_0077
0xf0fe81df,id_clear_getter_0078
0x87f9b149,id_clear_getter_0079
0x79bd1522,id_clear_getter_0080
0x0eba25b4,id_clear_getter_0081
0x97b3740e,id_clear_getter_0082
0xe0b44498,id_clear_getter_0083
0x7ed0d13b,id_clear_getter_0084
0x09d7e1ad,id_clear_getter_0085
0x90deb017,id_clear_getter_0086
0xe7d98081,id_clear_getter_0087
0x77669d10,id_clear_getter_0088
0x0061ad86,id_clear_getter_0089
0x60a62463,id_clear_getter_0090
0x17a114f5,id_clear_getter_0091
0x8ea8454f,id_clear_getter_0092
0xf9af75d9,id_clear_getter_0093
0x67cbe07a,id_clear_getter_0094
0x10ccd0ec,id_clear_getter_0095
0x89c58156,id_clear_getter_0096
0xfec2b1c0,id_clear_getter_0097
0x6e7dac51,id_clear_getter_0098
0x197a9cc7,id_clear_getter_0099
0xb0a6f51d,id_clear_getter_0100
0xc7a1c58b,id_clear_getter_0101
0x5ea89431,id_clear_getter_0102
0x29afa4a7,id_clear_getter_0103
0xb7cb3104,id_clear_getter_0104
0xc0cc0192,id_clear_getter_0105
0x59c55028,id_clear_getter_0106
0x2ec260be,id_clear_getter_0107
0xbe7d7d2f,id_clear_getter_0108
0xc97a4db9,id_clear_getter_0109
0xa9bdc45c,id_clear_getter_0110
0xdebaf4ca,id_clear_getter_0111
0x47b3a570,id_clear_getter_0112
0x30b495e6,id_clear_getter_0113
0xaed00045,id_clear_getter_0114
0xd9d730d3,id_clear_getter_0115
0x40de6169,id_clear_getter_0116
0x37d951ff,id_clear_getter_0117
0xa7664c6e,id_clear_getter_0118
0xd0617cf8,id_clear_getter_0119
0x8290979f,id_clear_getter_0120
0xf597a709,id_clear_getter_0121
0x6c9ef6b3,id_clear_getter_0122
0x1b99c625,id_clear_getter_0123
0x33ad8d38,id_technic_absorption_recovery
0xf7bcb1c8,id_technic_air_escape_move
0x33581e57,id_technic_balloon_trip
0x768c7264,id_technic_bayonetta_special_ope
0x3ed450b6,id_technic_beanbag
0x1655ff7e,id_technic_become_conscious
0xfacfd939,id_technic_break_fall
0xceccf6f5,id_technic_cancel_special
0x7f7eb406,id_technic_catch_and_throw
0x0cf87872,id_technic_catch_cliff_careful
0x40b11293,id_technic_catch_cliff_taking
0x580f480d,id_technic_change_special
0xd036ffed,id_technic_chiko_attack
0x6b7a414a,id_technic_cliff_meteor
0x3368dcee,id_technic_climb_cliff
0xbd42b70b,id_technic_counter
0xe0588e84,id_technic_dash_hold
0x8461029c,id_technic_diddy_barreljet
0xdb23ea2e,id_technic_dive
0x2218d93b,id_technic_donkey_lifting
0x8dc18a94,id_technic_dragonlunge
0xd59a6dcd,id_technic_emergency_avoidance
0x2c622dbd,id_technic_fart_wario
0x5025baff,id_technic_final_smashes
0x13b515d9,id_technic_gamewatch_absorb_reflect
0x58b38c9f,id_technic_gunshot
0x885c3c04,id_technic_haniwa_rocket
0x55f8d25d,id_technic_hit_move
0x665048d9,id_technic_hit_stop_move
0x4a60a0f8,id_technic_item_catch
0xc0989aab,id_technic_item_throw
0xea2be878,id_technic_jump
0x453a1ded,id_technic_jumps
0x2dab1a98,id_technic_just_shield
0xdbe3076d,id_technic_keep_charge
0x2e3c35fb,id_technic_kirby_suction
0x30548613,id_technic_kouppercut
0x2e5d0f6c,id_technic_limit_break
0x920582a5,id_technic_link_snake_remocon_bomb
0x6f8d0f8e,id_technic_mario_doctor_invert
0x34e10951,id_technic_meteor_smash
0xd7f281ab,id_technic_monadoarts
0xa2a6d916,id_technic_move
0x7418e866,id_technic_ness_lucas_pkthunder_recovery
0xa1297ebe,id_technic_normal_attack
0x5e5f551b,id_technic_palutena_counter_reflect
0xcd6ad178,id_technic_peach_daisy_levitation
0xd55d0120,id_technic_pikachu_gekkouga_turn
0x2013c950,id_technic_pikmin
0xee3e7f13,id_technic_pirate_cannon
0x8c54c63c,id_technic_poketrainer_pokemon_change
0xaeedfc1f,id_technic_purin_rest
0x0a8bb60e,id_technic_putaway_pull
0x9563d9fe,id_technic_reflection
0xed853f25,id_technic_revenge
0x6dd9e612,id_technic_robo_burner
0x9872bb5d,id_technic_rope_swing
0x80d26b7b,id_technic_saving_attack
0xe3dfb6cf,id_technic_score_snatch
0xa25f1626,id_technic_shield
0xa920998e,id_technic_shieldcancel_smashattack
0x65295e44,id_technic_shieldshift
0x0cb0d83b,id_technic_shift_attack
0x54e060b9,id_technic_sjump
0x57df9df7,id_technic_smash_hold
0xa2d4b7d4,id_technic_special_attack
0xbe9a01a7,id_technic_special_command
0x5f92cae1,id_technic_spin
0xa2e91d02,id_technic_stand_up
0x4f50bc60,id_technic_step_jump
0x634778ad,id_technic_stomach_attack
0x31fd7b5b,id_technic_strong_weak
0x5af0e934,id_technic_supplement_ink
0xa6a9d7fc,id_technic_thunder_magic
0xc76b5510,id_technic_wall_jump
0x4671a86d,id_technic_whip_hold
0xba18c04a,id_technic_wire_recovery
0x0a8bca45,idea
0x73da28f5,iggy_koopa
0x4a79a6af,ignore_down
0xe25cd18e,ike_00
0x955be118,ike_01
0x9fdbf6c0,ike_path_of_radiance
0x19350f0a,ike_radiant_dawn
0x32ef17de,impa
0x5fec8e4e,in
0x39ef8b7f,incineroar
0x80736701,index
0xf45bac46,index1
0x6d52fdfc,index2
0x1a55cd6a,index3
0xd1f4f380,infinite
0x011f9247,info0
0x7618a2d1,info1
0x057925c1,info10
0x727e1557,info11
0xeb7744ed,info12
0x9c70747b,info13
0x0214e1d8,info14
0x7513d14e,info15
0xef11f36b,info2
0x9816c3fd,info3
0x0672565e,info4
0x717566c8,info5
0xe87c3772,info6
0x9f7b07e4,info7
0x0fc41a75,info8
0x78c32ae3,info9
0xdc12ee8e,info_
0xd3a7e6e9,init_h
0x29a8db8a,init_v
0x5eafeb1c,init_w
0x57d1a9e3,ink_models
0x9844d5ae,inkay
0xc201f514,inkling_boy
0x5cb9423d,inkling_girl
0x4665f2f5,inspired
0x3474a6ff,invisible
0x098e0008,iridescent_glint_beetle
0x4d2c2bc3,iris
0xa04329b7,iris_archwell
0x140688ae,is_article
0x4487540f,is_bcat
0xab0d481b,is_boss
0xa3e945ed,is_enable
0xf904dfbd,is_frame
0x9d74728d,is_help
0x1597cace,is_large
0x34ac33cf,is_loop
0x737b2bbb,is_mii
0x8e807019,is_stage
0x6c6c1ec3,is_stage_gimmick
0xd8d56f83,is_use
0xc0fbd68f,is_valid
0x862e6321,isa_jo
0xcac22640,isaac
0x1d46bd94,isaac_dark_dawn
0xeef9d294,isabelle
0xf016a67b,isna
0x1f1b251e,item
0x62171138,item_01
0xfb1e4082,item_02
0x8c197014,item_03
0x127de5b7,item_04
0xa0d64e8d,item_h
0x126f525e,item_id
0xf3f4f822,item_kind
0xe8737cb3,item_kind_akira
0xd0e4fe14,item_kind_alucard
0xb85f485b,item_kind_andross
0x7c042976,item_kind_arceus
0x33a34707,item_kind_ashley
0xd0599c18,item_kind_assist
0x01da6eec,item_kind_backshield
0xf86e5759,item_kind_badge
0x718c6c86,item_kind_baito
0x723c7c59,item_kind_banana
0x85139a6b,item_kind_bananagun
0xebd62c21,item_kind_barrel
0xcc565112,item_kind_beamsword
0x7f0b9a98,item_kind_beetle
0x0e40ca40,item_kind_blackball
0x56ad2346,item_kind_bombchu
0xbab54b9a,item_kind_bomber
0x31a07b89,item_kind_bomberman
0xfb57eea5,item_kind_bombhei
0xa037857a,item_kind_boomerang
0xd78c01aa,item_kind_bossgalaga
0xa04a9302,item_kind_box
0x8f47b3a7,item_kind_bumper
0xdb7520e9,item_kind_capsule
0x4be9c1a1,item_kind_carrierbox
0x121ca73e,item_kind_chewing
0x913b3ff6,item_kind_chicken
0x7f9f5778,item_kind_claptrap
0x90446337,item_kind_club
0x874e69d3,item_kind_crossbomb
0x216adbb8,item_kind_curry
0xa6ac1965,item_kind_cyborg
0xa64f5b46,item_kind_darkknight
0x48e81694,item_kind_darkrai
0xce631871,item_kind_deathscythe
0x47144b63,item_kind_dedenne
0x55d0da19,item_kind_deku
0x0c9433c0,item_kind_deoxys
0x00b1d79a,item_kind_devil
0x82e179b0,item_kind_dolphinbomb
0xfb122788,item_kind_doseisan
0x9f0d0f72,item_kind_dossun
0xb425bc45,item_kind_dragoon
0xa772a8b4,item_kind_drill
0x60d1674f,item_kind_driver
0x36cc767c,item_kind_eievui
0x123eb2b6,item_kind_eleka
0x358b16c6,item_kind_entei
0xb8861cc9,item_kind_fairybottle
0x7074528a,item_kind_fire
0x45b8987f,item_kind_firebar
0xea833554,item_kind_fireflower
0x474e0a13,item_kind_flyandhand
0xaa0d6785,item_kind_fokko
0x88301679,item_kind_freezer
0x86fe9da1,item_kind_genesect
0x93275aea,item_kind_genesis
0x44a0cb46,item_kind_ghirahim
0x8c74c88e,item_kind_giratina
0x0012c92f,item_kind_gogoat
0x0b4b803b,item_kind_goldenhammer
0x7e92866d,item_kind_goroh
0xae9380b7,item_kind_grass
0xfaf1f147,item_kind_greenshell
0x04d95279,item_kind_guile
0xaf4291a0,item_kind_hammer
0xf9eb5378,item_kind_hammerbros
0xb17085b2,item_kind_harimaron
0xe058f787,item_kind_hassam
0xd8c04316,item_kind_healball
0x6672dca2,item_kind_heart
0xa28dca4c,item_kind_hebigarasu
0xdc9774c5,item_kind_hitodeman
0xf8228c5b,item_kind_homerunbat
0x63514602,item_kind_honeycomb
0x841f92b9,item_kind_jeff
0xda77042c,item_kind_jiro
0xcd5fae63,item_kind_joe
0x6e43e0c2,item_kind_kabigon
0x17254f5f,item_kind_kapukokeko
0xca20be10,item_kind_kasey
0x58911763,item_kind_kawasaki
0x26b44156,item_kind_kawashima
0x083d75fd,item_kind_keldeo
0xa0d8a59d,item_kind_killer
0xdccbbef8,item_kind_killereye
0x9dd14063,item_kind_killsword
0x3396ba0a,item_kind_kireihana
0xa6f2354a,item_kind_kiteruguma
0x6745ad36,item_kind_knuckles
0x94a0263d,item_kind_kofuurai
0x777cb77e,item_kind_kozukata
0xad78d014,item_kind_krystal
0x50be9c78,item_kind_kusudama
0x58887341,item_kind_kyogre
0x7699a985,item_kind_kyurem
0x53bbf04f,item_kind_latiaslatios
0x085aacdf,item_kind_lin
0x58562ace,item_kind_lioleus
0x038d7e3e,item_kind_lugia
0xef604ee9,item_kind_lunala
0xb47e5ab7,item_kind_maaiika
0xb8c74ddd,item_kind_magicball
0xe7cf60bb,item_kind_magicpot
0xed8a1972,item_kind_marshadow
0x9147776f,item_kind_marumine
0x3cf02127,item_kind_masterball
0x12e1b150,item_kind_maximtomato
0x108e99ba,item_kind_meloetta
0x69bd9827,item_kind_metagross
0xea6ddf44,item_kind_metalblock
0xb18158f5,item_kind_metamon
0x46263a72,item_kind_metroid
0xc1462124,item_kind_mew
0x69259737,item_kind_midna
0xb8fea57f,item_kind_mijumaru
0xcbe3ec85,item_kind_mimikkyu
0x0c84320f,item_kind_monsters
0xcb461cad,item_kind_moon
0xbb8100e1,item_kind_motherbrain
0x4cb399ec,item_kind_mushd
0x4acdcd2c,item_kind_mushroom
0xc9fb380f,item_kind_namakobushi
0xbdacc0e8,item_kind_nassya
0xbecd65b7,item_kind_nightmare
0x5675d6ad,item_kind_nikki
0x6fb8c0ad,item_kind_nintendogs
0x573a5b8a,item_kind_none
0xda9c2f61,item_kind_nyarth
0xd4fd0453,item_kind_palkia
0x17c0f23e,item_kind_pasaran
0xc1698479,item_kind_peroppafu
0x91a496b2,item_kind_pitfall
0x7f6577d1,item_kind_pokeball
0x4aecba74,item_kind_powblock
0xc76aee01,item_kind_powderbox
0xafa648dd,item_kind_raichua
0x8120bb5d,item_kind_raygun
0xb7879fbb,item_kind_revengeshooter
0x3db97771,item_kind_riki
0xbabc057b,item_kind_ripstick
0x758d3f5c,item_kind_robin
0x549f38f6,item_kind_rocketbelt
0x710043ee,item_kind_rodin
0x2c06a355,item_kind_rokon
0xf39a1d9b,item_kind_rokona
0x42974c12,item_kind_sable
0xec7c5076,item_kind_sandbag
0xd6c3ede8,item_kind_screw
0x2fc4c92e,item_kind_sensorbomb
0x04c199bb,item_kind_shadow
0xfdc2715c,item_kind_sheriff
0x1436055a,item_kind_shiokarazu
0x090caf60,item_kind_shovelknight
0x65bf81ab,item_kind_sirnight
0xaf8ddb29,item_kind_skullkid
0x1dad2a98,item_kind_slow
0xa7567ccd,item_kind_smartbomb
0x3d27e4a7,item_kind_smashball
0xc91ad5eb,item_kind_smashbomb
0xbe6ef99b,item_kind_smokescreen
0x1397d885,item_kind_soccerball
0xc489c5a4,item_kind_solgaleo
0xec01ba3a,item_kind_specialflag
0xc4c68464,item_kind_springman
0x44f0ecd6,item_kind_staff
0xc9f8e123,item_kind_stafy
0x3ac5a355,item_kind_starman
0x1c866ddf,item_kind_starring
0x53e98388,item_kind_starrod
0xb5b7bfa0,item_kind_steeldiver
0x2b333c44,item_kind_suicune
0x73f88d8d,item_kind_sukapon
0x1ea27f5a,item_kind_superleaf
0xb5a7a79d,item_kind_superscope
0x11e625a9,item_kind_superstar
0x75dd5dda,item_kind_tabemono
0xb6d923ff,item_kind_takamaru
0x54769845,item_kind_teamhealfield
0x7b65249a,item_kind_thunder
0x18d228ad,item_kind_tiki
0xe704e742,item_kind_togedemaru
0xa5af6361,item_kind_togepy
0xb8f858d4,item_kind_togezoshell
0x25d3d36b,item_kind_tosakinto
0x1b333bb4,item_kind_tsutarja
0x243b0e1d,item_kind_tvgame
0x4acdbdc3,item_kind_unira
0x32b2a59c,item_kind_usagihat
0x96ebb0bb,item_kind_victini
0xc1410e26,item_kind_vince
0x0ed15a31,item_kind_walkmush
0x37e1729f,item_kind_waluigi
0x2eab31ed,item_kind_wanwan
0x14af5c7b,item_kind_warpstar
0xe84bfddc,item_kind_wilycapsule
0xa4ba0545,item_kind_wright
0xa0d21e85,item_kind_xerneas
0x9bb73d8b,item_kind_yayakoma
0x0a7c4713,item_kind_yukinooh
0x8374aad7,item_kind_zero
0x5be03ab7,item_kind_zoroark
0x8cf8bce3,item_list
0x2dde4378,item_w
0xca666e7f,item_y
0xe1fa65ce,ivan
0x762789ec,ivysaur
0x5a297963,jack_levin
0x970a7965,jackknife
0x6922068f,jagen
0x93615b4a,jakob
0xf1f661f4,james_mccloud
0x4e0ad010,jeanne
0xacb5c9fc,jeff
0x0609cbbb,jeff_andonuts
0x9f8024ba,jelonzo
0x9ada6e0d,jenna
0xb5daa138,jet_the_hawk
0x64375f0d,jigglypuff
0x4d606ca5,jill_drill_dozer
0x04d4a904,jimmy_t
0x4e02fca4,jirachi
0xf2dd5f69,jiro
0xe0b852df,joan
0x0d5b0b6f,jody_summer
0x65bc755b,joe
0x9df57c07,joint
0xf4462a5d,joint7
0x64f937cc,joint8
0x13fe075a,joint9
0xe72f8845,joint_name
0xfc1ef5d8,jonathan_morris
0x6cab6922,judd
0x774a1bce,judd_jr
0x11fbc314,judge
0x842df701,julius
0x450033d6,julius_belmont
0xa7b30616,jump
0x8675d6c5,jump_up
0x12a32a5c,jumper
0x0e82a048,juri
0xbba23129,juste_belmont
0x417f8d41,k_k_slider
0xb2a08a4c,kaepora_gaebora
0xcbe4d0ab,kafei
0x8f16339f,kaitlin_and_katie
0x106e5068,kalypso
0x69fd8e34,kame
0x29bf5e66,kamek
0xa63cc4fc,kamek_krew
0x9f1b36b1,kammy_koopa
0x510430b6,kanden
0x0b307837,kangaskhan
0xbf6d2c17,kanitama_start_frame
0x7a9e7cde,kappn
0x25942bc8,kappn_ww
0x893f04a9,kaptain_k_rool
0x991af8ae,karate_kong
0xd8340869,karate_man_kicks
0xa0a12f88,karel
0xe21a01a8,karin
0xe9f6f275,kart_circuitfor
0x77e6a9ab,kart_circuitx
0xccbea154,kasey
0x6f23ed9f,kat_and_ana
0x9cdcd2ce,katrina
0x001114b9,kazuhira_miller
0xcbf0480b,keep
0x798a6e6b,keldeo
0xa4907f35,keldeo_resolute
0xc7a549e5,ken_00
0xdee4bacf,ken_masters
0x8a90aba9,key
0x64e29498,key_0
0x13e5a40e,key_1
0x8aecf5b4,key_2
0xfdebc522,key_3
0x638f5081,key_4
0x14886017,key_5
0x8d8131ad,key_6
0xfa86013b,key_7
0x6a391caa,key_8
0x6b7aee5b,kicks
0x4523887c,kid
0xad1ca31a,kid_dracula
0xda158c02,kiila
0xd16fbe0b,killer
0x3bc4bcd9,kind
0xd6e20d24,kind_
0x4cc38c4f,kine
0xd7d5dd09,king_bob_omb
0x0834a4de,king_boo
0xa775559f,king_bulblin
0x054a33a4,king_hippo
0x523efc72,king_k_rool
0x1b59e2f3,king_knight
0x5c91fe93,king_of_hyrule
0x86cf8623,king_of_red_lions
0x84a5898e,kinoko
0x5ff95c01,kip
0x4789754b,kirby
0x7a44dd61,kirby_cave
0x59acc7d1,kirby_fountain
0x90e3659a,kirby_gameboy
0x0952adae,kirby_greens
0x5f39123a,kirby_halberd
0x45fb6e57,kirby_pupupu64
0x0104d90a,klaptrap
0xe1ab8a2b,kneel
0x1ba4b748,kneer
0x32e19e3a,knight_man
0x9dca292f,knuckle_joe
0xe5ef55f5,knuckles_the_echidna
0xdca9a4a0,komurasaki
0xde4f76cc,koopa_troopa
0xa14392e6,koume_and_kotake
0xc2ecc62f,kracko
0x5e030dee,kraid
0xd7310622,kritter
0xb465517e,krystal
0xc6a12f1d,kumatora
0x1a02c7d1,kumite
0x92076c86,kumo
0xc5336e49,kurabe_kagesina
0xd0b9e845,kurikin
0xbcb7d649,kyle_hyde
0x293f68d7,kyogre
0x072eb213,kyurem
0xa95ab37d,kyurem_black
0x6210c4f1,kyurem_white
0x9606c2fe,l
0xedf7af37,l2r
0x0ea750e8,label
0x9367435c,labo
0x65eaaef9,labrador_retriever
0x37bdbc25,ladder
0x31e9518b,lady
0x6f0cc6bb,lakitu_and_spiny
0x700b5293,landia
0x451ac165,landmaster
0x545fa6ae,landorus_therian
0x3ef3f927,lanky_kong
0x54273ff2,lao_huang
0xe30656bd,lapras
0x1ec6af1f,larachel
0x596b29be,large
0x60c28d15,larry_koopa
0x4adba9a0,last
0xa4cf9017,latias_latios
0x7a67e768,left
0xd505eeb9,left_a
0x4c0cbf03,left_b
0xb16e4679,left_x
0xc66976ef,left_y
0x5f602755,left_z
0xc66ab3a6,legend
0x70104e7f,legl
0x8a1f731c,legr
0x0e468aef,leif
0x2b5e088e,leif_animal_crossing
0xbfcb8348,lemmy_koopa
0xb7ac34df,len_x
0xc0ab0449,len_y
0x017d9eb2,length
0x7b0b087d,leo
0x7146309b,leon_belmont
0x7cdedd9f,leon_powalski
0x53a4f424,lerp
0x9aeacc13,level
0x07f844a5,level1
0x9ef1151f,level2
0xe9f62589,level3
0xa91e362b,level_0
0x9f2a6419,levels
0x0f817bf2,leyvan
0x19cd3efe,life
0x737d1e0c,lift
0x20953f2f,light.bin
0xb1924800,light_frame
0xef71a680,light_name
0xc5d9594d,light_plane
0x6d95ead6,light_pos_x
0x1a92da40,light_pos_y
0x839b8bfa,light_pos_z
0x5b222a04,light_set_index
0x58f1c798,light_suit
0x75169ccd,like_like
0x864fe138,lil_blue
0xadebd44d,lilina
0xa0b977e7,lin
0xa9655124,lin_lee_koo
0xa2ce0886,linde
0xd114b4f6,line
0xd7d3ac2a,line1
0x4edafd90,line2
0x39ddcd06,line3
0xacce4ad0,line_x
0xd4e7434b,linebeck
0x36ac99f1,link
0xcbfe022d,link_albw
0xd46dd890,link_bow
0x3dcab289,link_first
0x32a5ef37,links_totem
0x5fdd5c3f,lion
0x5ab64a84,lip
0x0461d2a0,liquid_snake
0xb4de782a,lissa
0x44c8f818,list
0xb67d066a,little_bird
0xbd74caba,little_mac
0x6b81c751,little_mouser
0x567bdc58,lloid
0x1cb9ce09,lloyd
0xd0c947e8,loc_x
0xa7ce777e,loc_y
0x5e9e89cb,location
0x81655d9b,loftwings
0xa158702a,loki
0x3b97a968,long
0xada7a12a,lonqu
0x81ccc60e,looksley
0xa15f1dee,loop
0xc02ad133,loop_frame
0x580c4eb6,loptr
0x98a47803,lord_fredrik
0xebd43c60,lottie
0x22786586,louie
0xb978cc9e,loupe
0x369a2644,lr
0x9ee54ab3,lr_check
0x7b20a494,lr_check_
0xe02c7a5a,lubba
0xe9dae87f,lucario
0x397a32e6,lucas
0x5098be98,lucina
0xe67b83ca,ludwig_von_koopa
0x0513617a,lugia
0x9fd5e9cc,luigi
0xf3d3d9d6,luigi_tennis
0x7a849d0c,luigimansion
0xbe32debe,luka
0xe8687938,luma
0x9ed7557f,lunala
0x24a10565,lurchthorn
0x09a123c6,lut_name
0x9637351c,lv1
0x0f3e64a6,lv2
0x78395430,lv3
0xe65dc193,lv4
0x514986f7,lv99
0x8d369067,lvd
0xff047504,lyle
0xea7b65b6,lyn
0xebfd5515,lyn_blade_lord
0x43fbff4f,lyon
0x31d6b7a8,m01
0x5d56a7c5,m01t
0xa8dfe612,m02
0x767bf406,m02t
0xdfd8d684,m03
0x6f60c547,m03t
0x41bc4327,m04
0x20215380,m04t
0x36bb73b1,m05
0x393a62c1,m05t
0xafb2220b,m06
0x12173102,m06t
0xd8b5129d,m07
0x0b0c0043,m07t
0x480a0f0c,m08
0x8c941c8c,m08t
0x3f0d3f9a,m09
0x958f2dcd,m09t
0x5fcab67f,m10
0x458ffcb3,m10t
0x28cd86e9,m11
0x5c94cdf2,m11t
0xb1c4d753,m12
0x77b99e31,m12t
0x31d139e3,m_bison
0xe3aa00b2,m_menu
0xdb8cd8aa,mach_8
0xbb0d8a81,mach_rider
0x5de63914,machamp
0x2c47a700,madama_butterfly
0xd964a63b,madame_couture
0x520ad132,magearna
0x146dfa95,magicalvacation_player
0xbd6a645b,magicball
0xbd697d0e,magkid
0x27912716,magneton
0xde06677f,magnus
0xe1513790,magolor
0x5ffd247a,maid
0xb307d258,majoras_mask
0xcf488bb2,makky
0x55810486,male_pokemon_trainer_ssb
0x5522f450,male_trainer
0x7192bea1,mallo
0xbdc30ad2,mallow
0x2db8ddf4,malon
0x2472aa4a,manage
0xc1313789,manaphy
0xdb2e0505,manhole
0x73bade64,many
0x93adaabb,map
0x82d9b9e8,mappo
0x45d072b5,maria_renard
0xbeafbdc6,maria_renard_sotn
0xaa8672ba,marill
0x6d5af408,marin
0x1a5dc49e,mario
0xe5400528,mario_3dland
0x32131e3b,mario_castle64
0xc5f42c56,mario_castledx
0x4fdac655,mario_dolpic
0xc52119b7,mario_galaxy
0x5f0e5bd9,mario_maker
0xf054b4c2,mario_newbros2
0x750bcbad,mario_odyssey
0xd70d447b,mario_paper
0xaff25260,mario_past64
0x684ec712,mario_pastusa
0x6647302c,mario_pastx
0xe1efb31a,mario_rainbow
0xa7ba8afa,mario_tennis
0x25e2d14e,mario_uworld
0xb79234ba,mario_wedding
0xf539792c,mariobros
0x7b553d21,marth
0x4cfdc354,maruo_maruhige
0xe2cab3af,marx
0x5dece763,marx_soul
0x28f503de,masked_dedede
0x77bcfeb4,masked_lumen
0x16e3e267,masked_man
0x6c035b66,mass
0x5f876532,master_ball
0x070286d7,master_beast
0x51195b9a,master_belch
0x4038a826,master_core
0x84c3bd42,master_cycle
0x8bef6164,master_edges
0x7a58da03,master_giant
0x0cd76fe6,master_hand
0x36dd431d,materu
0xcc85be85,matthew
0x9d762289,max
0xbc3ffffd,max_speed
0x1d0555fa,max_x
0x74a3bdbf,max_x_
0x6a02656c,max_y
0x6db88cfe,max_y_
0x4695df3d,max_z_
0x767886c8,mecha
0x2f545f54,mechakoopa
0x85c1f780,mechs
0x356681b0,medeus
0x1980dd7b,medli
0x8ca3f40e,medusa
0x00ea8d68,medusa_head
0x2b04fd5d,medusa_uprising
0x8a28e109,mega_charizard_x
0xf451229e,mega_diancie
0x2f803212,mega_eggdozer
0xa216108e,mega_kangaskhan
0x6c38cd76,mega_lucario
0x436c3960,mega_man
0x35e85f46,mega_man_model_x
0x216078fb,mega_man_model_zx
0xdb71720f,mega_man_volnutt
0x18dc0aa9,mega_man_x
0x3f0bbe0e,mega_man_x_armor
0x78736f6d,mega_man_zero
0x35f7b48d,mega_mewtwo_y
0xebcda14f,megaman_exe
0x7ca4050f,mei_ling
0xcfe77ba1,melee
0x07c094f6,meleph
0x643ff0b4,melia
0xbdf00c7d,meloetta
0x6ebb8902,meowth
0xd29f247b,mermaid
0xa2bd713f,merric
0x5f643600,meryl_silverburgh
0xb6bd307f,message
0xd7f21435,meta
0x16510956,meta_knight
0x99106ac3,meta_knights
0xb588b3d9,meta_ridley
0x6c10b1a1,metagross
0xc062f4c9,metal
0x3599c826,metal_face
0xfb58e3d6,metal_gear_ray
0xe8331644,metal_gear_rex
0x3ad8a5b8,metal_gear_zeke
0x51ee3f37,metal_man
0x1bb6382b,metal_mario
0x383370c4,metal_sonic
0x747eda1e,metall
0xa89cd99f,metamon
0x5cb700a2,metapod
0xa2551c62,meteor
0x5f3bbb18,metroid
0x1c634eac,metroid_kraid
0x4ca3501d,metroid_norfair
0x8ad13daa,metroid_orpheon
0x46251387,metroid_zebesdx
0x69a5fa1c,mew
0x4c198e4b,mewtwo
0x83b5e8af,mg_shadowmoses
0x31c40041,mia
0x7d777211,micaiah
0x9e801acf,middle
0x6fbb8873,midna
0x7dfdc70c,mighty_gazelle
0x3f1f8873,mii
0x6e22cef3,mii_brawler_ssb
0xdfc14c5d,mii_default
0xd48b001b,mii_ft
0x30f2c820,mii_gn
0x13fcfb20,mii_gunner_ssb
0xfe89f66b,mii_sd
0xffb01c67,mii_swordfighter_ssb
0xa372c890,mii_tag
0x40f2231f,milly
0x540df150,milotic
0x88625ea0,miltank
0x197762fc,mimicutie
0xe56ac471,mimikyu
0xa17b1dd0,min
0xc01aa2d7,min_x
0x31a1fe3d,min_x_
0xb71d9241,min_y
0x28bacf7c,min_y_
0x03979cbf,min_z_
0x66a95154,minerva
0x601e9fb8,mini
0xcdbbe257,mini_mario
0x1449ece9,minmin
0x22ce2459,mipha
0xfc749f7d,mist
0xd9852948,mite
0x94281c69,miura
0xd01dccc6,moblin
0x97ca47ab,mode
0x3d7b525e,mode_melee
0xbf61fa9c,mode_sp_all
0x8471ac50,mode_sp_suddendeath
0x3ac9174c,mode_team
0x78825d4a,mode_tournament
0xd79572d9,model
0x737452e1,model_name
0xa1897bce,model_type
0xe4d63009,models
0x60f363de,moe
0x3cfb64d7,mokka
0xb45bc78a,moley
0x6a486b38,mona
0xf3d3c018,monita
0x245ec6f4,monster
0xe3ec47e8,moon
0xc035ecf6,moosh
0xdacb137e,morton_koopa_jr
0x7ddd6b4a,mother_brain
0xc6ee237f,mother_brain_bipedal
0xee072a1e,mother_fairy
0x282f9c0f,mother_fourside
0xb2013058,mother_magicant
0x4c469b8e,mother_newpork
0x9a857a66,mother_onett
0xf5fea1e8,motion
0x5d03759e,motion_kind
0x1ac55947,motocrosser
0xb21d54ee,mouser
0xef3e3778,move
0xa797711a,movie_id_army
0xb0cae3d7,movie_id_dark
0xa2eacc31,movie_id_last_battle
0x5969864a,movie_id_light
0x39580d8f,movie_id_opening
0x127c83e4,movie_id_return
0x626d0438,movie_id_star
0x4e5ea4fa,movie_id_turn_to_dark
0xb9369f8b,movie_id_tutorial
0x6df1e710,mr_ead
0x7a0a6630,mr_frosty
0x5506509e,mr_game_and_watch
0xc65a2014,mr_l
0x8f4d1c74,mr_sandman
0x584d9627,mr_saturn
0xad6cd5d1,mr_shine_mr_bright
0xdb5ffa7c,mspd
0xcea86c5d,mta
0xbec6b137,muddy_mole
0xa90221a1,mul
0x243367e4,mul_b
0x5459936b,mul_g
0x39847780,mul_r
0x254e7db9,mumkhar
0x42e4904e,mummy
0xaf8c82ca,munchy_monk
0xdef78a0a,musashi
0xe48f9289,n00_index
0x42f8993d,n01_index
0x731083a0,n02_index
0xd5678814,n03_index
0x10c0b69a,n04_index
0xb6b7bd2e,n05_index
0x875fa7b3,n06_index
0x2128ac07,n07_index
0x1e45d479,nabbit
0x44197f92,nago
0x04539c6d,naked_snake
0x5e237e06,name
0x71179cd6,name_id
0x7f3b44b5,namel
0x853479d6,namer
0xfd343270,napalm_man
0xf4d33d64,nash
0xcc1bdb7e,nassya
0x0b3adc63,nathan_graves
0xb1d882a7,nature
0x07e183ad,navarre
0x05fc634f,nayru
0xc18536a8,nd_03_bule_shark
0x764c1c11,near
0x4310cf06,near_
0xb7af98bd,near_clip
0xa47a8e0e,necrozma
0x79bf5c54,ness
0xe9f80030,neutral_1
0x042f103c,next
0xdbb08cb6,next0
0xacb7bc20,next1
0x2a5bd048,nframe_a
0xb35281f2,nframe_b
0x3382be18,nia
0x8b8820d1,nibbles
0x290b2f37,nick
0x3d299036,nico_fire
0x43e84a97,nid
0xbb604c31,nightmare
0x83472d8f,nightmare_power_orb
0xf57aeb98,nightmare_wizard
0x06b53c04,nihilego
0x50ebc9e9,nikki
0x5d0dbc93,ninian
0x41e0b271,ninja
0xc82c0040,ninja_kong
0x752e83b2,ninjara
0x9bc89563,nino
0x2d9f49b4,ninten
0x6b664b91,nintendogs
0xe4c0b819,nipper_plant
0xc2a166eb,niyah
0x67aa281f,no
0xa95c5580,no_effect
0xc4c77c9d,no_effect_
0x9222db56,no_invincible
0xab4c75f2,no_invincible_
0x25d70516,no_reaction
0x0a013957,no_scale
0x9d16c4f9,no_stop
0xed2aff94,no_stop_
0xe0a07450,no_team
0xb8f5a811,no_xlu
0x857fe845,node
0x460d9fd7,node_id
0x899c75ea,node_parent
0x1d3d05fc,nodes
0xfda99629,noise
0x7f9000cf,none
0x7a9aa7e4,norm_x
0x0d9d9772,norm_y
0x218568e4,normal
0xf00357e7,normal_camera_center_x
0x87046771,normal_camera_center_y
0x1e0d36cb,normal_camera_center_z
0x49242eeb,normal_camera_fov
0x48454923,normal_camera_max_distance
0xd83659c9,normal_camera_min_distance
0x8fdb7033,normal_stage
0x25cbfc4f,null
0xfc9329f0,null2
0x8b941966,null3
0x15f08cc5,null4
0x62f7bc53,null5
0xfbfeede9,null6
0x8cf9dd7f,null7
0x1c46c0ee,null8
0xdc43af6e,num
0xe24293ca,num_id
0x96901f54,number
0x779ecaf9,numbers
0xab2b34f7,nyarth
0x60561b14,nyna
0xd21410c0,octobot_king
0x43389e8b,octoling
0x3826195a,octoling_agent8
0x97067116,octoman
0xce50fab9,octopus
0xc264c582,octopus_form
0x6e954c5a,octorok
0xc542d590,odds
0x995ba381,odyssey
0x2bbc5d43,off
0x590acad0,offset
0xe55c0d93,offset1_x
0x925b3d05,offset1_y
0x0b526cbf,offset1_z
0xe71ab3ca,offset2_x
0x901d835c,offset2_y
0x0914d2e6,offset2_z
0xaf5c7bf6,offset_
0x3f543c83,offset_color_a
0xa65d6d39,offset_color_b
0xd63799b6,offset_color_g
0xbbea7d5d,offset_color_r
0xd8ad1dd1,offset_x
0xafaa2d47,offset_y
0x36a37cfd,offset_z
0x8140e154,ofs_y
0x433c0b77,oil_panic
0xdbfb9486,olaf
0x38fdee51,old_man_lobber
0x6a514997,omega_ridley
0xb1943c2c,omo
0x09b629c8,on
0x420cb4c2,only_2p
0x5a8600b0,option
0x1dc5b178,orange
0x10c93248,orbulon
0xf5299398,order
0x0afaedc4,order0
0x7dfddd52,order1
0x71c31224,order10
0x06c422b2,order11
0x9fcd7308,order12
0xe8ca439e,order13
0x76aed63d,order14
0x01a9e6ab,order15
0xe4f48ce8,order2
0x93f3bc7e,order3
0x0d9729dd,order4
0x7a90194b,order5
0xe39948f1,order6
0x949e7867,order7
0x042165f6,order8
0x73265560,order9
0x45142a30,org_y
0x23996166,orville
0x58c469ed,oshawott
0xb9ea6d99,out
0x7c88b202,owain
0xe5baa2a0,owner_yamanouti
0x483f5ba5,p0
0x3f386b33,p1
0x0c2f48b2,p1_x
0x7b287824,p1_y
0xa6313a89,p2
0x0e69f6eb,p2_x
0x796ec67d,p2_y
0xd1360a1f,p3
0x59d42682,pac_land
0x69b38f09,pac_man
0x1f5ecf12,pack_1
0x86579ea8,pack_2
0xf150ae3e,pack_3
0x6f343b9d,pack_4
0x18330b0b,pack_5
0x30eff447,pak_e_derm
0xa54a1fc5,palkia
0xc13d80d1,palutena
0x44ddbc75,pandora
0xf995491d,panther_caroso
0x4d10cfb0,paper_bowser
0xc1349f94,paper_bowser_ss
0x9978a9f8,paper_mario
0xa64c47fa,papercraft_mario
0xb6053b4c,parachute
0xa4fa7c89,param
0x34a79303,parasite_queen
0x490f70c6,part
0x312b3e16,partner
0x6940a7fe,parts
0xce70d424,pass
0x0b548b0f,path
0xa3bcfc8e,pattern
0x1dad586a,paula
0x73ced7ff,pauline
0xd79a92ed,pause
0x88f100ec,pause_camera_center_x
0xfff6307a,pause_camera_center_y
0x66ff61c0,pause_camera_center_z
0x7f7a9c53,pause_camera_fov
0x8f751448,pause_camera_initial_distance
0x8ee38c26,pause_camera_max_distance
0x1a9543f9,pause_camera_max_fov
0x1e909ccc,pause_camera_min_distance
0x1966a3b6,pause_camera_min_fov
0x9e18fa35,paz_ortega_andrade
0x77a460fa,peach
0x03e896ab,peach_wedding
0x9def8de9,peckish_aristocrab
0x1943abf3,pegasus_sisters
0x42379cf5,peppy_hare
0xc5b81ece,period
0x50ad7e31,perry
0xe4529b85,pet
0x75819b77,peta
0xba81a084,petey_piranha
0xd1286415,petey_piranha_strikers
0x6896f6ae,phantom
0x7b38d949,phantoon
0x1cb9751a,phazon_suit
0x42ed239e,phoro
0x869bd692,phosphora
0x14b78418,photo
0x674ceff9,phyllis_and_pelly
0xc74635e6,piantas
0xbe04be3e,pichu
0x9ea0cb82,pico
0xb073aaea,pictochat2
0x98fc2e68,pidget
0xe64d52d5,pidgey
0xcc599557,pig
0xb5f60db5,pigma_dengar
0xf45d9698,pikachu
0x19ade244,pikachu_libre
0x38bade9d,pikachu_partner
0x3a605742,pikmin_garden
0x6e7a250d,pikmin_planet
0x52d1ed29,pikmin_start_frame
0x232fa3a4,pilotwings
0xa9b82f99,pinsir
0x1f9a630e,pipe
0x067dd709,piplup
0xd06a597b,pirate
0xbf7f9370,piston_hondo
0x48e7d489,pit
0x54e0e147,pit_00
0x68a23bbb,pit_first
0x279fbed9,pitch
0xb0a91c77,pitcher_and_batter
0x741d53cd,place
0x78d0fb76,plague_knight
0x977ef602,plankton
0xa5aedc16,plants
0x35ba4489,plasm_wraith
0x41ca9e36,plasma_wisp
0x98197a65,player
0xd5741cb2,player_female
0xf797b09a,player_male
0xe05763aa,player_max
0xf93aa40b,plessie
0xb7a5f324,point
0x38127586,poke_kalos
0x542e2452,poke_stadium
0x9fe4a0f1,poke_stadium2
0x3e0c3966,poke_tengam
0xa7e6966b,poke_tower
0xd55e2a3a,poke_unova
0xf902e8a0,poke_yamabuki
0xd21be216,pokeball
0x7f544e07,poltergust_3000
0x059c08df,polterpup
0x94d8bae3,poo
0x07942552,poochy_woolly_world
0x49f96ea8,poppy_bros_jr
0x187408f1,porygon
0x9f9e1e89,pos0_x
0xe8992e1f,pos0_y
0x9e5c74be,pos1_x
0xe95b4428,pos1_y
0x69ff9e1b,pos_x
0x09d0d9c5,pos_x1
0x90d9887f,pos_x2
0xe7deb8e9,pos_x3
0x79ba2d4a,pos_x4
0x0ebd1ddc,pos_x5
0x97b44c66,pos_x6
0x1ef8ae8d,pos_y
0x87f1ff37,pos_z
0x303a4c7f,pose
0xec88dfdf,position_x
0x9b8fef49,position_y
0x0286bef3,position_z
0x446a51c4,postman
0xdf1e822b,pot_hp
0x6c052f56,pouty
0x8e4f51d4,pow_block
0xab8a01a0,power
0xffab8a01,power_
0x2810e3a7,power_down
0x57e24aa4,power_up
0x4ea06325,powerd
0x9a94c985,powerup
0xdfd1209c,prefer
0x4b27e1d3,preset1
0xd22eb069,preset2
0xa52980ff,preset3
0x3b4d155c,preset4
0x4c4a25ca,preset5
0x8f7a4427,primal_groudon
0xf34d7229,primal_kyogre
0xc1338a98,primid
0x4e9decdd,prince
0x987ecfbc,prince_fluff
0x5fc6a508,prince_of_sable
0xef10096b,prince_peasley
0x9cc820db,prince_richard
0x2da5ea2d,prince_saruno
0xc7d5802d,princess_shokora
0xb58fdec6,princess_shroob
0xbbe43214,prize_id
0x5cd7b4a2,prob
0x238ada7b,probs
0xcbed5dfa,professor_chops
0x1414dbae,professor_elvin_gadd
0x0b7d83ef,proto_man
0x753e9b7a,protoman_exe
0x21a1bb24,pseudo_palutena
0x7abeb8df,psyduck
0x87ba584d,punchoutsb
0xbafc2bcc,punchoutw
0x80db383e,puppy_x
0xf7dc08a8,puppy_y
0x6ed55912,puppy_z
0x83b24b44,purple_pikmin
0x30389207,px
0x473fa291,py
0x75f480d0,pyukumuku
0xde36f32b,pz
0x24eaedbc,q01
0xbde3bc06,q02
0xcae48c90,q03
0x54801933,q04
0x238729a5,q05
0xba8e781f,q06
0xcd894889,q07
0x5d365518,q08
0x2a31658e,q09
0x4af6ec6b,q10
0x3df1dcfd,q11
0xc786c716,qbby
0x18423f13,queen_metroid
0x245231f0,queen_sectonia
0x6c09ff9d,r
0x01401c2e,r2l
0xd405f1b3,r_add
0x7b6a442f,r_add_
0x0f345ac1,r_eff
0xc5ba6594,r_eff_
0x70e5c534,r_fix
0x0812b298,r_fix_
0x0b4a96b4,r_o_b
0xcbc9ddb9,r_x
0xbcceed2f,r_y
0x25c7bc95,r_z
0xa3bb69d9,rabbid_kong
0x1483b754,rabbid_mario
0x797a1330,rabbid_peach
0x4b99fdde,radar
0x76d4d5d6,radian
0x3b7c6e5a,radius
0xe80a5b5c,raiden
0xe4f142de,raikou_entei_suicune
0xe5005c7e,rambi
0xb2504a7c,ramblin_evil_mushroom
0x163bdad5,random
0x93875a49,range
0x318bbf7d,rangle
0x8879e8e5,rank
0x4eb02d74,raphael_the_raven
0x83bc1434,rapidash
0xfe805c37,rare_pokemon_rate
0xb7c0be46,rarity
0xdfec3f39,rate
0x760cc7df,rate_
0x4619bd76,rathian
0xfc60b87f,ratio
0x044e49e0,rattly
0xffe46c11,ravio
0xfd0bf652,ray
0xf097a0cb,raygun
0xd3aef248,rayman
0x092bd0e2,raymond_bryce
0xb498aaa8,rayquaza
0x818c2be7,rcycle
0x0d64339a,reach
0xa4d707f7,reaction
0x108c2ac1,reapette_and_reaper
0xf34393c9,recovery
0xfa615f8f,red
0x4325e419,red_add
0x173db65f,red_mul
0xabe3621a,red_pikmin
0xe520b522,redd
0x6a9b636c,redead
0x502f5252,reese_and_cyrus
0xdcd9f838,reflection_color
0x40d0e0f8,reflector
0x54f3c9ca,regigigas
0x56e0728d,reinhardt_schneider
0x5d625bd7,reporter_wrestler
0x509dbf4d,reset
0x20edb839,resetti
0x28932a91,reshiram
0x5c9d5654,revali
0x622da4ec,revolver_ocelot
0x0b046e45,revolver_ocelot_mgs3
0xee6003c0,rex
0xfa993020,reyn
0xb4e1b6ae,rgain
0x084b8d97,ribbongirl
0xd380590f,richter_belmont
0x33c4c710,rick
0xe65ff2b6,ricky
0x9b3d7cd0,ride
0xa7d01c3f,ridley
0xf84cafff,ridley_robot
0xb4ca7514,right
0x488ee486,right_a
0xd187b53c,right_b
0x2ce54c46,right_x
0x5be27cd0,right_y
0xc2eb2d6a,right_z
0x15132c34,riki
0x17c290bc,ripstick
0x61dfca52,risky_boots
0xff56d72e,rival_3
0x64381051,river_survival
0xb22dde30,rob_64
0x73132018,robin
0xbe105850,robin_female
0xe278d4d3,robin_male
0x40ea50fe,robobot_armor
0x649e4540,rock_mario
0xfdca31cc,rock_pikmin
0x02c639a8,rock_wily
0x5041b3ca,rocketbelt
0xc334ad6a,rocky
0x779e5caa,rodin
0x6d755679,rodin_demon
0x53b82fc1,roger_the_potted_ghost
0x2a98bc11,rokon
0x822d060d,rokona
0x2eb532ce,roll
0xf486ac58,roll_caskett
0x729f519b,room
0x16f4f95b,root
0xbf0a72b9,root_x
0xc80d422f,root_y
0x51041395,root_z
0x3a2be1a6,rope_w
0x5f23d63a,rosalina_and_luma
0x9e44aeff,rosemary
0x1d39a761,rot
0x1670dbfe,rot_x
0x6177eb68,rot_y
0xf87ebad2,rot_z
0x3789520c,rotate
0xa4eb09e6,rotom
0x8e89ab0e,roturret
0xf747d646,rouge_the_bat
0x02c42079,route
0x7779e404,route_2p
0xd08838f7,rover
0x148d6d53,rowlet
0x6388dbdc,roy
0x64026d31,roy_00
0xbb5db8d6,roy_campbell
0x6e19671c,roy_koopa
0xd75508c2,rricky
0x3e2c0482,rspeed
0x46d8accc,rule
0x778fe66d,rule_hp
0x0de72171,rule_name
0x850476a0,rule_stock
0x3c50c732,rule_time
0xab97e657,rumble_param
0x5076a4c0,run
0xf533deef,rush
0x7f561703,russ
0x2decb77f,rusty
0x2416dd8b,ruto
0x020ef085,rx
0x7509c013,ry
0x8471730b,rya_mk_3
0xfa6a639d,ryoma
0x895e10f0,ryota_hayami
0x76a62220,ryu
0xc174b0ab,ryu_00
0xec0091a9,rz
0x1b0ecf0b,s
0xb1b68f2a,s_01
0x28bfde90,s_02
0x5fb8ee06,s_03
0xc1dc7ba5,s_04
0xb6db4b33,s_05
0x2fd21a89,s_06
0x58d52a1f,s_07
0xc86a378e,s_08
0xbf6d0718,s_09
0xdfaa8efd,s_10
0xa8adbe6b,s_11
0x31a4efd1,s_12
0x14a05620,s_at
0x21af3e93,s_at2
0x6b39e2ea,s_sp
0x5a618c89,s_sp2
0x44095356,sable
0x1fa4288f,safe
0x9ddccf02,sagat
0x0f0955e5,sagi
0x0dcde70e,sahelanthropus
0xc3af9f2f,saji_maji_barts
0xa3bc1ae9,saki
0x9b61bca9,saki_amamiya
0x01871032,sakura
0x6420fb8e,sakura_kasugano
0xb7c73f34,sakura_maru
0xe0c34ea1,salamence
0x84a0b4db,salsa
0xfc50f144,same
0xaf51751a,samurai_goroh
0x20810822,samus
0x4313a910,samus_arans_gunship
0xf561d11c,sandbag
0xbaf4b3df,sandshrew
0x28947183,sanmakan
0x2235c07a,saria
0x0296a520,satoru
0x72c2d49a,satoru_amatsubo
0x55663ade,save
0xb8bd8804,save_no
0xec462584,scale
0xc3efa2f4,scale_
0x36cfcf24,scale_x
0x41c8ffb2,scale_y
0x2c77fab0,scarfy
0xa3f51558,scarfy_transformed
0xe8865328,scene_wait_frame
0xa44fde15,sch
0x99a27414,sch0
0xeea54482,sch1
0x77ac1538,sch2
0x00ab25ae,sch3
0x9ecfb00d,sch4
0xe9c8809b,sch5
0xa1c0e126,scizor
0x73f3bf3e,scl_x
0x04f48fa8,scl_y
0x9dfdde12,scl_z
0x32993751,score
0xd05df2ac,screw
0x7813ad1d,se
0x87ac2f33,se_attr
0xea2b4638,select_random
0x6b680232,select_stage
0xf22f8d88,select_vote
0x37060e79,seliph
0x2e640703,serch
0x234750ca,serena
0xf6d7f433,serial_hit_frame
0x96f0150a,serial_hit_frame_
0xe61425dc,set
0x10fb0d18,set_id
0x5314568b,set_off
0x349f8ee9,setbl
0x5eedcf94,settingstage
0x4a529ac0,severa
0xbb4b1d3c,sf_suzaku
0x7576822d,shadow
0x91044520,shadow_bug
0xcd2a6dec,shadow_man
0xfc1f88e3,shadow_mario
0x44aff8c7,shadow_queen
0x11d1045c,shadow_the_hedgehog
0xab186afd,shaft
0xed4c39e7,shake_king
0x520ab82e,shamfight
0x8c35b2aa,shanoa
0xc926498f,shantae
0xdd30ffd8,shape
0xb224bb7d,sharla
0x9a83fae6,shaymin_land_form
0x0a7c0afa,shaymin_sky_form
0x6aef88bc,shedinja
0xa681d31b,sheik
0x83d870b2,sheldon
0xe4dff036,sheriff
0x1e93d2e8,shield
0xb4e3690b,shield_knight
0xa50b3b45,shift
0xb20c8e26,shine_sprite
0xdfbf0d78,shinobu
0xfa30eb24,ship
0x7044fcbe,shoot
0x2da3c6a5,shop_adv_1
0xb4aa971f,shop_adv_2
0xc3ada789,shop_adv_3
0x5dc9322a,shop_adv_4
0x2ace02bc,shop_adv_5
0xdb2ef25a,shop_assistant
0x3e2dfa83,shop_spirit_adv_1
0xa724ab39,shop_spirit_adv_2
0xd0239baf,shop_spirit_adv_3
0x4e470e0c,shop_spirit_adv_4
0x39403e9a,shop_spirit_adv_5
0x46cdd381,shot2
0xf5af351a,shoulderl
0x0fa00879,shoulderr
0xef89344d,shovel_knight
0xc7d0842e,shulk
0xf5ee9c3b,shy_guy
0x23811bb5,side
0x3ef3e3ce,side_1
0xa7fab274,side_2
0xd0fd82e2,side_3
0x3d9feeb1,sidestepper
0x99004c0a,sigma
0xd42e2832,sigourney
0x0b4b10c4,sigurd
0x6e161929,silver_the_hedgehog
0x20b93669,simon_belmont
0xb522fe7d,sirius
0x4aa16ad0,sit
0xf7c0246a,size
0x81353a56,size_x
0xf6320ac0,size_y
0x3cfb4e85,sizeh
0xb1f34370,sizew
0x30e14f7a,skarmory
0x160eb328,skull_kid
0x3a8fac8c,skull_man
0xf8c86883,skullkid_majorasmask
0xa4db0bc6,slash_man
0x0f33c2ac,sleep
0xfd3943f8,slip
0x70e557c6,slippy_toad
0x350771dd,slow
0x2adee5e1,slowpoke
0x952fba44,slugger_green_glove
0x7545ea13,small
0x998b18e7,smash_ball
0xfe856d89,smash_speed_x
0x29c9a0e5,smeargle
0x4946e97a,smoke
0x2028dac2,smoky_progg
0xf1eb48fc,snake_man
0x37326b96,snd_id
0xd29eb6f3,sndlvl
0xcbb362c5,snorlax
0x3683a5b3,snow
0xe2959c36,soccer
0x50c8292a,soda_popinski
0x69f75063,solgaleo
0x4c365d94,solid_snake
0x77982dbf,solidus_snake
0x2918012b,soma_cruz
0x9f664dfa,sonic_greenhill
0x4c5d2fa8,sonic_the_hedgehog
0xa6284d48,sonic_the_werehog
0x09ecee3b,sonic_windyhill
0xfee0e5d4,soren
0xd8113ea3,sothe
0x4e0b598a,sound_attr
0x8d17072a,sound_level
0xf2e07d39,sound_level_
0x15ce49f6,sp
0x8df700d3,sp_500
0x033386d7,spark_man
0xcc16d3ac,spd
0x7b85db61,speaker
0x30997c44,speaker_partner
0x64fbd40d,speaker_snake
0x4c6b3fe3,special
0x9bc3910b,specknose
0xe3f39155,specter_knight
0x0f26fef6,speed
0xff47e309,speed_add
0x2a7e53d8,speed_back
0xcd39e348,speed_forward
0x9f2bb267,speed_max
0xa3268d3e,speed_min
0x73970ab3,speed_up
0x3ac73c6c,speed_x
0x4dc00cfa,speed_y
0x55f96687,sphere
0xfbb946c5,spiky
0x6b452955,spilits
0x37aa5f7f,spirit
0x42b4a261,spirit_01
0xdbbdf3db,spirit_02
0xacbac34d,spirit_03
0x32de56ee,spirit_04
0x45d96678,spirit_05
0xdcd037c2,spirit_06
0xabd70754,spirit_07
0x3b681ac5,spirit_08
0x4c6f2a53,spirit_09
0x2ca8a3b6,spirit_10
0x1d8ab6f5,spirit_id1
0x8483e74f,spirit_id2
0xf384d7d9,spirit_id3
0x6de0427a,spirit_id4
0x867109fe,spirit_who_loves_surprises
0xdb8309f9,spirits
0xe9690c29,spirits_ability_id
0x93d32e7f,spirits_board
0xf5bddaef,spla_parking
0xba3814f0,splash
0x6b3e1469,spring
0xc16bade2,springman
0x5a14c2e8,sprixie_princesses
0xf39eb9fa,spyke
0x35085111,squat_walk_data
0x2c81d84a,squawks
0xb95820bc,squid_form
0xaae67053,squid_sisters
0xa471022c,squirtle
0xd30b637e,squitter
0xdb5159c5,st_falcon
0xcb6a8940,stack_up
0x426ef392,staff
0xedd2b0fd,staffroll
0xcf66fe67,stafy
0xc27c9369,stage
0xaf5d1465,stage_bgm
0xdcde5f3b,stage_change
0x0d275ff3,stage_gimmick
0x69c44414,stage_height
0x2298d193,stage_id
0x4e0b58bc,stage_type
0x10f7d787,standard
0x5395dd3d,standard_bike
0xd13e4ae5,standard_kart
0x116403bc,stanly
0x77c181bc,star3
0x5574031a,star_force_mega_man
0x73c1a391,star_rod
0xfeb7b122,starfy
0xd8f2cd46,starlow
0x045859a8,starly
0x47b4e73b,starmen
0x4af402e2,starrod
0xd0efcd23,starship_mario
0x9f79558f,start
0xc0ad263c,start_frame
0x853e14ec,start_x
0xf239247a,start_y
0x6b3075c0,start_z
0x3a5bf397,staryu
0xa393d2fb,state
0x7b00651c,status
0x5e09839c,stay
0x9df41401,steam
0x2659beb7,steelix
0x43b9fe3c,step
0xd8556731,stick_hp
0x4b365660,stock
0x3f786bac,stop_delay
0xf6893440,stop_delay_
0x381ad7fa,stop_frame
0x7486a23d,stop_frame_
0x646faf53,stop_x
0x18ef7570,stork
0xf18cd045,storm
0xd89d94ec,strangelove
0xdf1fe245,streetpass
0x9a33ce1b,strong
0x4e6194a4,stump
0x33bdb86a,style
0xacc29da4,sub_shield
0xb4e8e43e,subspace_bomb
0x831c9a70,suddendeath
0xfa6c24ce,sudowoodo
0x6ae50ce7,sukapon
0xdaa6dad8,sumo_brothers
0x7aecba47,sun_salutation
0x666f29e5,super_chibi_robo
0x3c4ed113,super_happy_tree
0xbb11934a,super_macho_man
0x3861c7c0,super_mushroom
0x17f3d568,super_sea_snail
0xb8950694,super_shadow
0x0d5aa684,super_sonic
0x2528537d,super_star
0x144b0c2f,superstar
0xf455a670,superstar_mario
0xaaec3d9f,support_board
0x32ae387d,support_ingame
0x6cb91611,support_roulette
0xfbe1ae9c,susie
0x0e706e50,swanky_kong
0xe116b75a,swing
0x4558cf7a,switch_disp_order
0x5a4b6508,swooping_snitchbug
0xdb996342,sword_man
0x856a5aa8,t
0x96ab9f74,t_hawk
0x483f7434,t_rex
0xcf44a10b,t_x
0xb843919d,t_y
0x214ac027,t_z
0xd8a3c81d,tabemono
0x709e363a,tabuu
0x04e4739a,tac
0x0389b783,tag
0x0f73a4f0,tail2
0x0ea8d5f6,tails
0x1ba7b638,takamaru
0xdf03a626,takumi
0xa12c32b1,tamagon
0x1d991437,tank_and_infantry
0xab75855b,tap_tap_the_red_nose
0xae6b00ab,tapu_koko
0x466f2ffc,target
0x9c2d4a72,target_lr
0x84176677,target_part
0xd899e8e6,target_situation
0x3891c79b,targetx
0x4f96f70d,targety
0xd69fa6b7,targetz
0x9b6b6b54,tatanga
0x3e6f4e7e,tatsu
0xa5de0bf7,tauros
0xc4e0a61f,team
0xdfcb9ffd,team_1
0x46c2ce47,team_2
0x31c5fed1,team_3
0xafa16b72,team_4
0x7258b34e,team_a_b
0x023247c1,team_a_g
0x6fefa32a,team_a_r
0x31db6ae2,team_attack
0x701e0d17,team_b_b
0x0074f998,team_b_g
0x6da91d73,team_b_r
0x658250ed,team_battle
0x4fd73ecf,team_blue
0x179ca761,team_green
0xea2548a2,team_kind
0xa0f2d52b,team_red
0xa61fab46,team_yellow
0xd73b9841,technique
0xa11eb2e4,teddy
0xe6401db2,tektite
0x55aefc3f,telly_vision
0x74b5eb6f,tempo
0x261d2161,tennis_player
0x85fddbf7,tentacles
0xf9a43a6b,test_pos
0x392c6122,test_x
0x4e2b51b4,test_y
0xd722000e,test_z
0xb2cc3c15,tetra
0xebc05056,thanatos
0xf97b2c43,tharja
0x08a13d54,the_boss
0x35f43b53,the_chorus_kids
0x989698da,the_imprisoned
0xe13dad67,the_skull
0x843b4ffb,three_sacred_treasures
0x4f934137,throw
0x38843cf7,thundurus
0xbd06a216,thwomp
0x307873e8,tiki
0xd6a2a787,tiki_awakening
0xb44efad5,tiki_tak_tribe
0x1c3f89f6,tilt
0x6f949845,time
0xf7e861e7,time_delay
0x47f749e3,time_max
0x7bfa76ba,time_min
0x6ad0de1a,timer
0x13b196eb,timing
0x91e07ad5,timmy_and_tommy
0xd7a217a1,tingle
0x4e014081,tiny_kong
0xe9bbc4b7,titania
0x15f9a479,title_name
0x79d8db7b,to_blue
0xdba6df11,to_green
0xac5d9781,to_red
0xcc98c345,to_up
0xb0ab9b6d,toad
0x57eaa75a,toad_flying_squirrel
0x3ed8a87c,toadett
0x06048671,toadsworth
0xc57c5577,toge_00
0xb27b65e1,toge_01
0xe3da6c7e,togedemaru
0xc9af6893,togepi
0xd41878f7,togepy
0xda23252c,togezo
0x9e98fb04,tom_nook
0xf2868897,tom_nook_nookingtons
0x2c14401a,tomato
0xfae419a4,tomatrio
0x6dbda80b,tomodachi
0xa02678b1,toon_link
0x1ed91fca,top
0x80b62738,top_man
0x9d40de1b,topic
0xc7c66f72,topic_no
0x477b617a,topic_none
0xa12e2e70,tora
0x072e4746,tornadus
0xdadef9c2,tortimer
0x768aaaff,total_frame
0xd14414cc,totem
0x10cca4f1,toto
0x313bc88c,toy_poodle
0x315bd5a1,trace
0xc691dc4e,trailer
0xd5128a8f,training
0x946bbd48,training_academy_coach
0x719cd91a,training_disp_order
0x70211ebd,trans
0xb0917a33,traveling_putty
0xb73e5edc,tree
0x00f41752,tree_00
0x77f327c4,tree_01
0x38250dc8,trevor_c_belmont
0xe9bf6fe6,tron_bonne
0x32153359,tsubasa_oribe
0xb414c540,tsubasaoribe_carnage
0xa1db9f4b,turbo_yoshi
0xbf4783a9,turtle_bridge
0x14ef9e54,tutes
0x558c158b,tvgame
0x8793d972,twinbellows
0xac6352ac,twinrova
0x74f4bbe4,twintelle
0x54545703,tx
0x23536795,ty
0x8cde5729,type
0xc1e2a98c,type1
0x58ebf836,type2
0x2fecc8a0,type3
0xb1885d03,type4
0xc68f6d95,type5
0xeb6ab4aa,type_0
0x9c6d843c,type_1
0x0564d586,type_2
0x7263e510,type_3
0xec0770b3,type_4
0x9b004025,type_5
0x0209119f,type_6
0x750e2109,type_7
0xe5b13c98,type_8
0xb13feaee,tyranitar
0xe1345ebb,tyukei
0xba5a362f,tz
0x3b9327d2,u8
0x2163036d,udmax
0xde9b763a,uette
0x27ff46b0,ui
0x8c2eed80,ui_amiibo_id
0x793829a5,ui_anniversary_id
0x7866860a,ui_bgm_id
0x2288990c,ui_bgm_random
0xd69db2ba,ui_chara_bayonetta
0x0691ac2e,ui_chara_captain
0xa09fff22,ui_chara_chrom
0xf2f21a29,ui_chara_cloud
0xcef82d30,ui_chara_crazyhand
0x8369a909,ui_chara_daisy
0x65accd76,ui_chara_darz
0x76a86694,ui_chara_dedede
0x4b869623,ui_chara_diddy
0x5421de55,ui_chara_donkey
0x20ddd1f9,ui_chara_dracula
0xde942964,ui_chara_dracula2
0xcf2812f7,ui_chara_duckhunt
0x41749f82,ui_chara_falco
0x6eacd0fa,ui_chara_fox
0x0a39d32e,ui_chara_galleom
0x30cd32d8,ui_chara_gamewatch
0xa4221dc6,ui_chara_ganon
0xb4dc4a50,ui_chara_ganon_ganonboss
0x0f2fc612,ui_chara_ganonboss
0xfe773f13,ui_chara_gaogaen
0xebe26cac,ui_chara_gekkouga
0xca4126b0,ui_chara_general_all
0xce46df1e,ui_chara_general_mii
0xc50faf14,ui_chara_ice_climber
0xd8f6a88e,ui_chara_id
0xfe0387ae,ui_chara_id0
0x8904b738,ui_chara_id1
0x629a3e1a,ui_chara_ike
0xe9a4e78d,ui_chara_inkling
0x4ddd21e6,ui_chara_kamui
0x684f1e72,ui_chara_ken
0x1abb80ff,ui_chara_kiila
0x72f2778f,ui_chara_kiila_darz
0x872779b6,ui_chara_kirby
0xdd2afecc,ui_chara_koopa
0xd24ea34a,ui_chara_koopa_koopag
0x93dbbf13,ui_chara_koopag
0x5d8a1bb1,ui_chara_koopajr
0xccb203ad,ui_chara_krool
0x22ccc98e,ui_chara_link
0xe9efb8d1,ui_chara_lioleus
0x75f0ada2,ui_chara_littlemac
0x417efb0a,ui_chara_lucario
0xf9d43e1b,ui_chara_lucas
0x93549e35,ui_chara_lucina
0x5f7be531,ui_chara_luigi
0xdaf3c863,ui_chara_mario
0x4cbc89e6,ui_chara_mariod
0xbbfb31dc,ui_chara_marth
0xf6aae3d0,ui_chara_marx
0x9cf0c63a,ui_chara_marx2
0x4aed29a6,ui_chara_mastercrazy
0x89102cbf,ui_chara_masterhand
0x83197005,ui_chara_metaknight
0x8fd5aee6,ui_chara_mewtwo
0xa4af9031,ui_chara_mewtwo_masterhand
0xd03198f0,ui_chara_miiall
0x24b9aa67,ui_chara_miienemyf
0x53be9af1,ui_chara_miienemyg
0x49644e8c,ui_chara_miienemys
0xfdfdfb2b,ui_chara_miifighter
0x57ab1d87,ui_chara_miigunner
0xd7061f77,ui_chara_miiswordsman
0x12944904,ui_chara_murabito
0xe4b123e6,ui_chara_narrator
0x6ddf0c2b,ui_chara_ness
0x620ec415,ui_chara_pacman
0xe1faa171,ui_chara_palutena
0xb70a6c07,ui_chara_peach
0xef73f367,ui_chara_pfushigisou
0x7eaab2c3,ui_chara_pichu
0x5cf985ed,ui_chara_pikachu
0x5f132d33,ui_chara_pikmin
0x29ebe495,ui_chara_pit
0xf1f263d6,ui_chara_pitb
0x915a4ff6,ui_chara_plizardon
0xb1ccb807,ui_chara_ptrainer
0xeaff6b0e,ui_chara_purin
0x80f1c82e,ui_chara_pzenigame
0xd5f7fa78,ui_chara_random
0x755465a5,ui_chara_reflet
0xb4bdce94,ui_chara_richter
0x641c3c92,ui_chara_ridley
0x18857219,ui_chara_robot
0x13cb83d3,ui_chara_rockman
0x27090018,ui_chara_rosetta
0x0284ebc0,ui_chara_roy
0x17aa123c,ui_chara_ryu
0xe02f04df,ui_chara_samus
0x8e51aa8d,ui_chara_samusd
0x5dc5c269,ui_chara_sandbag
0x662fdfe6,ui_chara_sheik
0x26228f86,ui_chara_shizue
0x077e88d3,ui_chara_shulk
0xf6b0ba32,ui_chara_simon
0x5639eaf7,ui_chara_smashbros
0x91c36763,ui_chara_snake
0xf976808c,ui_chara_sonic
0x88a0ed39,ui_chara_szerosuit
0xd8496fe1,ui_chara_toonlink
0xf0a34740,ui_chara_wario
0x1928c39b,ui_chara_wiifit
0xedde7b9d,ui_chara_wolf
0x5ef67051,ui_chara_yoshi
0xd560cbe8,ui_chara_younglink
0xc3ffc996,ui_chara_zelda
0x84017d79,ui_clear_getter_id
0x61d998cb,ui_goods_gold
0xb6a104bc,ui_goods_id
0x38c4da5e,ui_goods_spirit_all_attacker
0x7e1ae0d4,ui_goods_spirit_all_shuffle
0x623d6035,ui_goods_spirit_all_supporter
0x3d86d456,ui_goods_spirit_apply_flower
0xdece82a6,ui_goods_spirit_charge_jamming
0x763619a2,ui_goods_spirit_damage_30
0x206cbe24,ui_goods_spirit_damage_50
0xfa2b4b6f,ui_goods_spirit_energy_l
0x8d2c7bf9,ui_goods_spirit_energy_m
0x7723469a,ui_goods_spirit_energy_s
0xd3453b12,ui_goods_spirit_escort_weaken
0x793fc3d3,ui_goods_spirit_item_lock
0x5f9548cb,ui_goods_spirit_point
0xc43fd633,ui_goods_spirit_retry_ticket
0x3f2a5401,ui_goods_spirit_roulette_luck_up
0x76b05925,ui_goods_spirit_roulette_speed
0xe148d108,ui_goods_spirit_skill_ball
0x723aaa88,ui_goods_standard_ticket
0x2a9749e4,ui_howtoplay_help
0x0b218109,ui_howtoplay_id
0xf856beb6,ui_howtoplay_index
0x346ef289,ui_item_assist
0x9705043a,ui_item_assist_akira
0x647b5b6e,ui_item_assist_alucard
0x0cc0ed21,ui_item_assist_andross
0xa7b80afb,ui_item_assist_ashley
0x0efa140f,ui_item_assist_baito
0x42cc090d,ui_item_assist_bomberman
0xcffb50ff,ui_item_assist_claptrap
0x32b75499,ui_item_assist_cyborg
0x4ce9700d,ui_item_assist_darkknight
0x7fc7af13,ui_item_assist_devil
0x0b16428e,ui_item_assist_dossun
0xf4ca2ab3,ui_item_assist_driver
0x6d48ca3f,ui_item_assist_eleka
0xade82158,ui_item_assist_flyandhand
0xf4c4ccc1,ui_item_assist_ghirahim
0x01e4fee4,ui_item_assist_goroh
0x7baf2af0,ui_item_assist_guile
0x134d7833,ui_item_assist_hammerbros
0x482be107,ui_item_assist_hebigarasu
0x986aa0f5,ui_item_assist_jeff
0xc6023660,ui_item_assist_jiro
0xd40c8032,ui_item_assist_joe
0xe8f510e4,ui_item_assist_kawasaki
0x55d833d2,ui_item_assist_kawashima
0xd721aab1,ui_item_assist_knuckles
0xc718b0f9,ui_item_assist_kozukata
0x19e7756e,ui_item_assist_krystal
0x1109828e,ui_item_assist_lin
0xecc98fb4,ui_item_assist_lioleus
0xf2b99f08,ui_item_assist_metroid
0x1653efbe,ui_item_assist_midna
0xbce03588,ui_item_assist_monsters
0xd7332ee1,ui_item_assist_moon
0x5a653ed2,ui_item_assist_motherbrain
0xcda11733,ui_item_assist_nightmare
0x2903ae24,ui_item_assist_nikki
0x851eebe6,ui_item_assist_nintendogs
0x21cc453d,ui_item_assist_riki
0x0afb47d5,ui_item_assist_robin
0x0e763b67,ui_item_assist_rodin
0x3de1349b,ui_item_assist_sable
0x90dad447,ui_item_assist_shadow
0x495dd426,ui_item_assist_sheriff
0xfe902e11,ui_item_assist_shiokarazu
0xb63d2a48,ui_item_assist_shovelknight
0x1fe9dcae,ui_item_assist_skullkid
0xb7aaf6e0,ui_item_assist_springman
0xb68e99aa,ui_item_assist_stafy
0x8e5a062f,ui_item_assist_starman
0xc76728f7,ui_item_assist_sukapon
0x06bd2478,ui_item_assist_takamaru
0x04a71ae1,ui_item_assist_tiki
0xb02043e1,ui_item_assist_tvgame
0xbe3776af,ui_item_assist_vince
0x837ed7e5,ui_item_assist_waluigi
0xbab07c11,ui_item_assist_wanwan
0x09afc3ef,ui_item_assist_wilycapsule
0x30a148b9,ui_item_assist_wright
0x9f01989b,ui_item_assist_zero
0x710f8852,ui_item_backshield
0xc1cfcdd5,ui_item_badge
0x960b12c8,ui_item_banana
0x3a01ab6e,ui_item_bananagun
0x0fe142b0,ui_item_barrel
0x73446017,ui_item_beamsword
0x9b3cf409,ui_item_beetle
0xb152fb45,ui_item_blackball
0xd141b7fa,ui_item_bombchu
0x5e82250b,ui_item_bomber
0x7cbb7a19,ui_item_bombhei
0x1f25b47f,ui_item_boomerang
0xa759e714,ui_item_bossgalaga
0xee750221,ui_item_box
0x6b70dd36,ui_item_bumper
0x5c99b455,ui_item_capsule
0xd9c8e4ca,ui_item_carrier
0x3b3c271f,ui_item_carrierbox
0x95f03382,ui_item_chewing
0x16d7ab4a,ui_item_chicken
0x326d2dd4,ui_item_club
0x385c58d6,ui_item_crossbomb
0x18cb4134,ui_item_curry
0xe2ca531c,ui_item_deathscythe
0xf7f994fa,ui_item_deku
0xae4832dd,ui_item_dolphinbomb
0x394234bb,ui_item_doseisan
0x33c928f9,ui_item_dragoon
0x9ed33238,ui_item_drill
0x942f57a4,ui_item_fairybottle
0xc2540cc3,ui_item_firebar
0x9a56d3ea,ui_item_fireflower
0x0fdc82c5,ui_item_freezer
0x14cbce56,ui_item_genesis
0x38643495,ui_item_goldenhammer
0x97321a3b,ui_item_grass
0x8a2417f9,ui_item_greenshell
0x4b75ff31,ui_item_hammer
0x1a905025,ui_item_healball
0x5fd3462e,ui_item_heart
0x88f76ae5,ui_item_homerunbat
0xdc437707,ui_item_honeycomb
0x002f7d1f,ui_item_id
0x44efcb0c,ui_item_killer
0x63d98ffd,ui_item_killereye
0x22c37166,ui_item_killsword
0x92ee8f4b,ui_item_kusudama
0x07d57cd8,ui_item_magicball
0x259f7388,ui_item_magicpot
0x4c25c799,ui_item_masterball
0x3e48fa3d,ui_item_maximtomato
0x9ab839fa,ui_item_metalblock
0x75120360,ui_item_mushd
0x889dde1f,ui_item_mushroom
0x902c6682,ui_item_pasaran
0x1648020e,ui_item_pitfall
0x995aee38,ui_item_poke_arceus
0xd96924c4,ui_item_poke_darkrai
0xd6957933,ui_item_poke_dedenne
0xe9caf48e,ui_item_poke_deoxys
0xd392b132,ui_item_poke_eievui
0xbef2550b,ui_item_poke_entei
0xb78f75d0,ui_item_poke_fire
0x21742448,ui_item_poke_fokko
0xed044d67,ui_item_poke_genesect
0xe78e1848,ui_item_poke_giratina
0xe54c0e61,ui_item_poke_gogoat
0xc31c18e7,ui_item_poke_harimaron
0x050630c9,ui_item_poke_hassam
0xaefbe990,ui_item_poke_hitodeman
0xffc2d292,ui_item_poke_kabigon
0x0c5686b9,ui_item_poke_kapukokeko
0x4159fddd,ui_item_poke_kasey
0xed63b2b3,ui_item_poke_keldeo
0x41fa275f,ui_item_poke_kireihana
0xbd81fcac,ui_item_poke_kiteruguma
0xff5af6fb,ui_item_poke_kofuurai
0xbdd6b40f,ui_item_poke_kyogre
0x93c76ecb,ui_item_poke_kyurem
0xb927c542,ui_item_poke_latiaslatios
0x88f43df3,ui_item_poke_lugia
0x0a3e89a7,ui_item_poke_lunala
0x25ff68e7,ui_item_poke_maaiika
0x9fe68427,ui_item_poke_marshadow
0xfabda7a9,ui_item_poke_marumine
0x7b74497c,ui_item_poke_meloetta
0x1bd10572,ui_item_poke_metagross
0x20006aa5,ui_item_poke_metamon
0xedc9cf5f,ui_item_poke_mew
0xd30475b9,ui_item_poke_mijumaru
0xa0193c43,ui_item_poke_mimikkyu
0x80890c8b,ui_item_poke_namakobushi
0x58f207a6,ui_item_poke_nassya
0x3fc2e82f,ui_item_poke_nyarth
0x31a3c31d,ui_item_poke_palkia
0xb305192c,ui_item_poke_peroppafu
0x3e277a8d,ui_item_poke_raichua
0xa77fe098,ui_item_poke_rokon
0x16c4dad5,ui_item_poke_rokona
0x0e45516d,ui_item_poke_sirnight
0xaf731562,ui_item_poke_solgaleo
0xbab20e14,ui_item_poke_suicune
0xfc772ea4,ui_item_poke_togedemaru
0x40f1a42f,ui_item_poke_togepy
0x57bf4e3e,ui_item_poke_tosakinto
0x70c9eb72,ui_item_poke_tsutarja
0x076a82eb,ui_item_poke_victini
0x31532cd5,ui_item_poke_xerneas
0xf04ded4d,ui_item_poke_yayakoma
0x618697d5,ui_item_poke_yukinooh
0xca6108e7,ui_item_poke_zoroark
0xbd3564e2,ui_item_pokeball
0x88bca947,ui_item_powblock
0x7878df04,ui_item_powderbox
0x6517d5cc,ui_item_raygun
0x4b0f4a66,ui_item_revengeshooter
0x78ec1648,ui_item_ripstick
0x244ade48,ui_item_rocketbelt
0x6b90c4ca,ui_item_sandbag
0xef627764,ui_item_screw
0x5f112f90,ui_item_sensorbomb
0xbf84647b,ui_item_slow
0x18444dc8,ui_item_smartbomb
0x8235d5a2,ui_item_smashball
0x4a4922b0,ui_item_smashballheavy
0x7608e4ee,ui_item_smashbomb
0xc3be5a46,ui_item_smashbombheavy
0x92c7b2f6,ui_item_smokescreen
0x63423e3b,ui_item_soccerball
0xc0a8f157,ui_item_specialflag
0x7d51765a,ui_item_staff
0xded67eec,ui_item_starring
0xd4051734,ui_item_starrod
0xc562591e,ui_item_steeldiver
0xa1b04e5f,ui_item_superleaf
0xc5724123,ui_item_superscope
0xaef414ac,ui_item_superstar
0xb78d4ee9,ui_item_tabemono
0x652b391e,ui_item_teamhealfield
0xfc89b026,ui_item_thunder
0x945113b9,ui_item_togezoshell
0x736c274f,ui_item_unira
0xf0e2b6af,ui_item_usagihat
0xcc814902,ui_item_walkmush
0xd6ff4f48,ui_item_warpstar
0xce91fb47,ui_layout_id
0x46828194,ui_mark_allbattle_unreversal
0x66560157,ui_mark_attr_attack
0x9f804e2a,ui_mark_attr_defense
0xe0015eaf,ui_mark_attr_neutral
0x626001ef,ui_mark_attr_supporter
0x6d4b9803,ui_mark_attr_throw
0xf354aea3,ui_mark_battle_max_num
0x6b4e16d2,ui_mark_bgm
0x62da5498,ui_mark_bgm_my
0x3c37274a,ui_mark_bgm_playing
0x843a2682,ui_mark_caution_icon
0x0890dc6d,ui_mark_charge_final
0xf6077900,ui_mark_continue_ticket
0x76dd3918,ui_mark_controller
0xc7c1feb7,ui_mark_cp_level
0x0c704ff7,ui_mark_damage_disp
0x338405ef,ui_mark_def_reaction
0xd0021691,ui_mark_delete
0xd0c52dc7,ui_mark_difficulty_easy
0x58b2a882,ui_mark_difficulty_hard
0xce3b8a38,ui_mark_difficulty_normal
0xfe29d156,ui_mark_drop_bomb
0xbc166a49,ui_mark_end_game
0xbd3fcfcf,ui_mark_handicap_boost
0x599139cf,ui_mark_handicap_damage
0xba105021,ui_mark_help_icon
0xd6e4b5ab,ui_mark_hp_mode
0x50d0de6a,ui_mark_id
0x0989c638,ui_mark_indiv_damage
0xb530631a,ui_mark_indiv_dark_slayer
0xe11d26c7,ui_mark_indiv_evolve
0x0ee350fb,ui_mark_indiv_item_improve
0x36e65ba0,ui_mark_indiv_item_worsen
0x8456a853,ui_mark_indiv_jump_down
0xea6b02ba,ui_mark_indiv_jump_up
0xf6182fb3,ui_mark_indiv_light_slayer
0x863a71a4,ui_mark_indiv_offense_up
0x1fdf7cbc,ui_mark_indiv_resist_down
0x1bb910ad,ui_mark_indiv_speed_down
0xb34178ca,ui_mark_indiv_speed_up
0x2735c217,ui_mark_indiv_weight_down
0xe0b4a316,ui_mark_indiv_weight_up
0xea9cf384,ui_mark_item_switch
0x746a5bba,ui_mark_local_net
0xad22ff70,ui_mark_m_assistfigure
0xa54db0d1,ui_mark_mail_box
0x13289a5d,ui_mark_melee_icon
0xee496692,ui_mark_mii_body
0xcdf65d99,ui_mark_mii_cap
0x087f0dce,ui_mark_music
0x073bbde4,ui_mark_operate_camera
0x8e164e6b,ui_mark_option_icon
0x36ff208b,ui_mark_other_icon
0xe785e881,ui_mark_other_mii
0xfb6e42fd,ui_mark_pause_icon
0x96e235c8,ui_mark_pokemon
0x09820b2c,ui_mark_present
0xdcccfa63,ui_mark_pull_down
0x964a71e9,ui_mark_pull_up
0xfd8d6aac,ui_mark_recovery_value
0x48a8a443,ui_mark_reload
0x834df56d,ui_mark_replay_mode
0xebcd7e67,ui_mark_retry
0xb6204250,ui_mark_rule_detail
0x83b14356,ui_mark_rule_hp
0xadd0d436,ui_mark_rule_new
0x20c862b7,ui_mark_rule_official
0xb479d9f1,ui_mark_rule_preset
0xbf2b2922,ui_mark_rule_stock
0xa65e8b53,ui_mark_rule_time
0x4514443f,ui_mark_rule_type
0x7e4cb952,ui_mark_scaledown_stage
0x9626ca1a,ui_mark_score_disp
0x39a63b28,ui_mark_skill_list
0x973984fb,ui_mark_spirit_icon
0x48958b77,ui_mark_spirit_shadow
0xe9a3f5cd,ui_mark_spirits_board_sub
0x09cc1d2d,ui_mark_spirits_item
0x5de35303,ui_mark_spirits_set
0x72c0169a,ui_mark_spskill_adhesion
0x1abeda7f,ui_mark_spskill_attack
0x4cb6a328,ui_mark_spskill_damage
0xaa490e0b,ui_mark_spskill_defense
0xc26d485c,ui_mark_spskill_etc
0x6e70f986,ui_mark_spskill_fog
0x2bf1ded9,ui_mark_spskill_gravity
0x29a1c171,ui_mark_spskill_heal
0x2797909b,ui_mark_spskill_ice
0x7837f9cd,ui_mark_spskill_input_reverse
0x9f929ac1,ui_mark_spskill_item
0x6fb788a7,ui_mark_spskill_move
0xa40aee0d,ui_mark_spskill_poison
0xf8a9e952,ui_mark_spskill_screen_reverse
0x19df8456,ui_mark_spskill_sleep
0x6cbc8009,ui_mark_spskill_states
0x13945e8e,ui_mark_spskill_thunder
0xa182eb21,ui_mark_spskill_wind
0x2ebfd3b8,ui_mark_stage_change
0x7964ece5,ui_mark_stage_gimmick
0x44bdd1b3,ui_mark_stage_num
0x251ac758,ui_mark_stage_select
0x01016680,ui_mark_stage_switch
0x30235699,ui_mark_stock_num
0x3257a7b1,ui_mark_team_attack
0xab2df855,ui_mark_team_format
0x00cb569e,ui_mark_time_limit
0xc12eab71,ui_mark_victory_cond
0xeafab95d,ui_mark_wait
0x8e5a87d5,ui_movie_id
0x7d6a9d1c,ui_popup_id
0xba2d033d,ui_prize_id
0x660e2c10,ui_rule_id
0xbcbf2008,ui_series_all
0xb88c869a,ui_series_balloonfight
0x732d912d,ui_series_bayonetta
0x9cc4c335,ui_series_castlevania
0x53d340b1,ui_series_donkeykong
0x45551758,ui_series_doubutsu
0x75beeed0,ui_series_duckhunt
0xa9120d1c,ui_series_etc
0x3665cec7,ui_series_famicomrobot
0x5fbb9439,ui_series_finalfantasy
0xb618467b,ui_series_fireemblem
0xbae98ce1,ui_series_fzero
0x957d114f,ui_series_gamewatch
0xcae95dc1,ui_series_iceclimber
0x10cb60c1,ui_series_id
0xa7aaa2d4,ui_series_kirby
0xa164bfa9,ui_series_lightplane
0xfa7e1301,ui_series_mario
0x841f956e,ui_series_mariokart
0x0d25a5d0,ui_series_metalgear
0xb1558a99,ui_series_metroid
0xb8b8d9a6,ui_series_mii
0xab1a29f1,ui_series_miiplaza
0x919df1a2,ui_series_miiverse
0x7a82d218,ui_series_mother
0xe7c67125,ui_series_nintendogs
0x89ae81c5,ui_series_none
0xc19249ba,ui_series_pacman
0x5b6c5d56,ui_series_palutena
0xfc8fa09c,ui_series_pikmin
0x0d2f2b85,ui_series_plankton
0x8cb2a172,ui_series_pokemon
0xb9266422,ui_series_punchout
0xe5d24f37,ui_series_rhythm
0x5501a127,ui_series_rockman
0xf389c960,ui_series_smashbros
0xd9fb5bee,ui_series_sonic
0x0519558b,ui_series_splatoon
0xabb46480,ui_series_starfox
0x5624a497,ui_series_streetfighter
0x1efbef55,ui_series_tomodachi
0x1695fa6d,ui_series_touch
0xd02e9c22,ui_series_wario
0xbab44e34,ui_series_wiifit
0xbb82e6df,ui_series_wreckingcrew
0x6418c072,ui_series_wuhuisland
0x834ae020,ui_series_xenoblade
0x7e7bab33,ui_series_yoshi
0xe37212f4,ui_series_zelda
0x91613874,ui_shop_adventure_1
0x086869ce,ui_shop_adventure_2
0x7f6f5958,ui_shop_adventure_3
0xe10bccfb,ui_shop_adventure_4
0x960cfc6d,ui_shop_adventure_5
0x4f84cd9c,ui_shop_collection
0x5f56eb9c,ui_shop_id
0x707fb05a,ui_spirit_id
0x0f1496b5,ui_stage_75m
0x4e6d100c,ui_stage_animal_city
0x4d29c16f,ui_stage_animal_island
0xd35a2eab,ui_stage_animal_village
0xf7bbef4c,ui_stage_balloonfight
0x4b5c4392,ui_stage_battle_field
0x945ccdf9,ui_stage_battle_field_l
0x9910c635,ui_stage_bayo_clock
0x5419dc5d,ui_stage_bonus_game
0x38413c6d,ui_stage_boss_dracula
0x32c21581,ui_stage_boss_final
0x8058cfae,ui_stage_boss_final2
0xf75fff38,ui_stage_boss_final3
0x12a53eba,ui_stage_boss_galleom
0xba9b587c,ui_stage_boss_ganon
0x4e1d3142,ui_stage_boss_marx
0xa1e46252,ui_stage_boss_rathalos
0xa6751982,ui_stage_campaign_map
0xbf87f176,ui_stage_dk_jungle
0x9c556f59,ui_stage_dk_lodge
0xf362dd8e,ui_stage_dk_waterfall
0x617106c3,ui_stage_dracula_castle
0x516df949,ui_stage_duckhunt
0x40bf5050,ui_stage_end
0x03c14ded,ui_stage_fe_arena
0xce0e2ff5,ui_stage_fe_colloseum
0x485626c1,ui_stage_fe_siege
0xeba19df4,ui_stage_ff_midgar
0xddcd71a6,ui_stage_flatzonex
0xa804b557,ui_stage_fox_corneria
0xb3a39e1f,ui_stage_fox_lylatcruise
0xf1105ba9,ui_stage_fox_venom
0x4a993ca6,ui_stage_fzero_bigblue
0x4406c820,ui_stage_fzero_mutecity3ds
0x5aeae750,ui_stage_fzero_porttown
0xbebd6a0c,ui_stage_general_all
0x8c61f338,ui_stage_icarus_angeland
0xfdd89d85,ui_stage_icarus_skyworld
0x4afa1298,ui_stage_icarus_uprising
0xa7dc84df,ui_stage_ice_top
0x2351e0ba,ui_stage_id
0x58eff26f,ui_stage_kart_circuitfor
0x2931c2f2,ui_stage_kart_circuitx
0xd5b47792,ui_stage_kirby_cave
0x4b45f9ea,ui_stage_kirby_fountain
0xce340ec3,ui_stage_kirby_gameboy
0x00c0fad6,ui_stage_kirby_greens
0x01ee7963,ui_stage_kirby_halberd
0x5712506c,ui_stage_kirby_pupupu64
0x7316ca74,ui_stage_luigimansion
0xecd25250,ui_stage_mario_3dland
0x20fa2000,ui_stage_mario_castle64
0xd71d126d,ui_stage_mario_castledx
0x4648912d,ui_stage_mario_dolpic
0xccb34ecf,ui_stage_mario_galaxy
0x7b1508d5,ui_stage_mario_maker
0xe2bd8af9,ui_stage_mario_newbros2
0x2bdca0f4,ui_stage_mario_odyssey
0xf3161777,ui_stage_mario_paper
0xa6600518,ui_stage_mario_past64
0x3699ac4b,ui_stage_mario_pastusa
0x425c6320,ui_stage_mario_pastx
0xbf38d843,ui_stage_mario_rainbow
0x2c708636,ui_stage_mario_uworld
0x0f88c685,ui_stage_mariobros
0xf30eabde,ui_stage_menu_music
0x42b425f5,ui_stage_metroid_kraid
0xfdba5007,ui_stage_metroid_norfair
0x3bc83db0,ui_stage_metroid_orpheon
0xf73c139d,ui_stage_metroid_zebesdx
0x915cd694,ui_stage_mg_shadowmoses
0x99369c15,ui_stage_mother_fourside
0x03183042,ui_stage_mother_magicant
0x5eafa5b5,ui_stage_mother_newpork
0x93172d1e,ui_stage_mother_onett
0xc496e162,ui_stage_nintendogs
0xe756ec9c,ui_stage_pac_land
0x1f830019,ui_stage_pictochat2
0x64b73c1b,ui_stage_pikmin_garden
0x30ad4e54,ui_stage_pikmin_planet
0x8cdf0957,ui_stage_pilotwings
0x29fc3c1c,ui_stage_plankton
0x97e2df75,ui_stage_poke_kalos
0x5dbc732a,ui_stage_poke_stadium
0xc133cba8,ui_stage_poke_stadium2
0x1a176a6a,ui_stage_poke_tengam
0x08163c98,ui_stage_poke_tower
0x7aae80c9,ui_stage_poke_unova
0xa7d583f9,ui_stage_poke_yamabuki
0x284af2be,ui_stage_punchoutsb
0x404d9465,ui_stage_punchoutw
0x1f1e484c,ui_stage_random
0xf8778601,ui_stage_rock_wily
0xd5030b51,ui_stage_setting_stage
0x41faa295,ui_stage_sf_suzaku
0x5acf5bcb,ui_stage_sham_fight
0x2e7f4de0,ui_stage_sonic_greenhill
0xb8f5ee21,ui_stage_sonic_windyhill
0xfc2f8d97,ui_stage_spla_parking
0x70ef48b6,ui_stage_streetpass
0x970c17a2,ui_stage_tomodachi
0x6b904091,ui_stage_training
0x7971f089,ui_stage_wario_gamer
0x99b04ed0,ui_stage_wario_madein
0xd3c171af,ui_stage_wiifit
0xf4b58f09,ui_stage_wreckingcrew
0x52c24207,ui_stage_wufuisland
0x54074536,ui_stage_xeno_gaur
0x8ad4c5ee,ui_stage_yoshi_cartboard
0xf0b9b92c,ui_stage_yoshi_island
0xeebdd544,ui_stage_yoshi_story
0x53c88bfc,ui_stage_yoshi_yoster
0x958218cc,ui_stage_zelda_gerudo
0x11ce71fa,ui_stage_zelda_greatbay
0xe9c8b38c,ui_stage_zelda_hyrule
0x6149514b,ui_stage_zelda_oldin
0x65402a81,ui_stage_zelda_pirates
0x877fc88f,ui_stage_zelda_skyward
0x367d8ecd,ui_stage_zelda_temple
0xc218565c,ui_stage_zelda_tower
0xc074159f,ui_stage_zelda_train
0xef368d64,ui_technic_id
0xa1a8a90a,ui_tips_id
0x17bb0247,ui_voice_id
0xee56739f,ukiki
0x1c2aa314,ultimate_chimera
0xe0cd62f6,ultra_sword
0xc5b6f49c,under
0xb0a25677,unique
0x4c53a287,unira
0xa51637e1,unown
0x4394ee70,up
0x45a9a643,up_1
0xdca0f7f9,up_2
0xaba7c76f,up_3
0x4aa95f77,up_x
0x3dae6fe1,up_y
0xa4a73e5b,up_z
0x6e5fdf9c,upper
0x4f5581e7,upwait
0x2c384ab7,urban_champion_hero
0x853c4610,urbosa
0xa9790480,use_switch
0x8ae9100c,use_training
0x33cd45d6,uxie_mesprit_azelf
0x6b643b84,v
0x0502b60d,vaati
0x8c0735ff,valid
0x4d8f4bf1,valoo
0x1d775834,value
0xbc368bfc,vampire
0xe0c9c82f,vampire_seondform
0x630c62f0,vec
0x8ffefcd2,vec_l
0x75f1c1b1,vec_r
0x1b6e485b,vector
0x31058539,vega
0x380c3020,vegetables
0xf3b37f61,vel
0x8a7933dd,vel_d
0x9e786f92,vel_x
0xe97f5f04,vel_y
0x70760ebe,vel_z
0x0983166f,venusaur
0x86b7d523,vert0
0x8ff631d1,victini
0x70bb005a,victory
0xc7df1162,vince
0xe3e6e571,vine01
0x4b54b5a4,viridi
0x65edee91,viruses
0x7ab0e859,visible
0xb0e4ce88,visible_damage
0xcf90adf0,visible_score
0x8e789ea9,vision
0x27254315,vivian
0xdecf52d6,volcanion
0x41d0873b,volleyball_player
0xfb82b81d,von_kaiser
0x4b8d0f38,vswing
0x8ce7d083,vulnerable_ghosts
0x926b29cb,vulpix
0x66623581,vx
0x6e020ea2,vx0
0x19053e34,vx1
0x11650517,vy
0x77193fe3,vy0
0x001e0f75,vy1
0x886c54ad,vz
0x1c630b12,w
0x76b7f67c,w_fade
0xb03c4cf5,w_type
0xcd021f52,w_x
0xba052fc4,w_y
0x230c7e7e,w_z
0x4059e4e6,waddle_dee
0x5a63e572,waddle_doo
0x1a36341b,waist
0x7dee83e5,wait
0x7a9cfb83,wait_1
0x619d5ef8,wait_d
0x3c86fc43,wait_max
0x008bc31a,wait_min
0x0b2d7e0a,wait_u
0xd62fa7c2,walhart
0x8d917a55,walk
0x904421af,walker
0x13f5eff6,wall
0xd7114d71,wall1
0x4e181ccb,wall2
0x391f2c5d,wall3
0x644e0cbd,wall_merging_link
0x2efcf3f5,waluigi
0xe611a218,waluigi_strikers
0x772742e3,wanda
0x97542f57,wandering_samurai
0x4e44b357,wandering_samurai_fever
0x5f1c2a7b,wanwan
0x300d4bbd,wario
0x5d6aa385,wario_gamer
0x902219a8,wario_madein
0x246934a5,wario_man
0x0b5c9d9b,wario_overall
0x4c830b46,warp_star
0xb9d1c9bc,warpstar
0x2e47a14b,warrior
0xd4d8487f,wart
0xfb3314da,water
0x6f375926,watinga
0x3f36acc4,weak
0x6933a7e6,weapon
0x84e5cf3c,web_bg
0xd664558a,weezing
0x07cd5541,weight
0x0790df7c,welt
0x292a2994,wendy_o_koopa
0xd5fb84ab,werewolf
0xc504349d,wheelie
0xae156e3b,whispy_woods
0x388320c5,white_bear
0x2126ffb6,white_pikmin
0xace38ce2,wide
0x8c1a452f,width
0xf1f7b618,wiggler
0xe57431ac,wii_balance_board
0xdae4e336,wiifit
0xc3de022e,wild_gunman
0x4447084e,wily_capsule
0x3a0af185,win1
0xa303a03f,win2
0xd40490a9,win3
0xe54ad4c0,win_1
0x51f0b8e3,wind_fish
0x8658a04f,wind_man
0x2b58f767,winged_aparoid
0xf6449739,winged_pikmin
0x2667ee95,winky
0x2986d63c,wizard
0x0ed2a10d,wobbuffet
0xdf764470,wolf_link_and_midna
0x08d21f29,wolf_odonnell
0x33ad50d2,wolfen
0x4ed0eecb,wonder_bule
0x8338d6b2,wonder_red
0x2ed446d0,wood_man
0x2db27cb1,wooper
0xabf810e4,woopy
0xfd27d871,wreckingcrew
0xd50d1ed3,wright
0xe4e7e008,wrinkly_kong
0xb728193e,wrys
0xfd32e8f4,wufuisland
0x8cdc1683,x
0x80e6d1ad,x0
0xf7e1e13b,x1
0x6ee8b081,x2
0x19ef8017,x3
0x878b15b4,x4
0xf08c2522,x5
0x69857498,x6
0x1e82440e,x7
0x8e3d599f,x8
0x5debad64,x_
0xde6924fc,x_div
0xfed9b87c,x_max
0xcaadbb54,x_mul
0x80d1d1b3,x_parasite
0xc0471ccc,xander
0xaeb6fa9f,xeno_gaur
0xb9cf9fef,xerneas
0xbc985dd1,xspd
0xeb8eba67,xyz
0x16ef7923,xz
0xfbdb2615,y
0x99fde0ec,y0
0xeefad07a,y1
0x77f381c0,y2
0x00f4b156,y3
0x44f09c25,y_
0xe24fde57,y_acl
0xe3090d4c,y_div
0xc3b991cc,y_max
0x92d960e9,y_spd
0xc3913db1,y_spd2
0x4016ac8f,y_top
0x03d4ce41,yakuman
0x8fe8086d,yellow_devil
0xce3e2868,yellow_pikmin
0xe265fc4c,yellow_wollywog
0x75e735a9,yes
0xddbaf469,yoko_vernandes
0x9e587cac,yoshi
0x3bcdc5f4,yoshi_cartboard
0xe58dbfce,yoshi_flocky
0xf92bee54,yoshi_island
0xcaa68648,yoshi_story
0x62036029,yoshi_woolly_world
0x5a5adc84,yoshi_yoster
0xd6e9bd87,young_cricket
0xed6f0108,young_link
0xe43b8102,young_samus
0xc7eb4c4b,young_zelda
0x7540361f,yuga
0xb6e247c7,yun_and_yang
0x178b71f5,yuri_kozukata
0x3fc944af,yuuhi_town_ouendan
0x72dfa3c5,yveltal
0x62d277af,z
0xb2d0b32f,z0
0xc5d783b9,z1
0x5cded203,z2
0x6fddcfe6,z_
0x305d8c62,zael
0x6d722152,zangief
0xc0c5cdff,zant
0xda22db94,zap_fish
0x9f253e4f,zapdos_moltres_articuno
0x7db28e7b,zebesian
0xd00bb194,zeke
0x209dd188,zekrom
0x0351c56b,zelda
0x94975557,zelda_bow
0x9c104fb4,zelda_gerudo
0x03274fc1,zelda_greatbay
0xe05ae4f4,zelda_hyrule
0x6ac5031a,zelda_ocarina
0x45520247,zelda_oldin
0x3b9741d8,zelda_pirates
0xd9a8a3d6,zelda_skyward
0x3f8c1345,zelda_spirit_tracks
0x3fefd9b5,zelda_temple
0xe6030550,zelda_tower
0xe46f4693,zelda_train
0x0f7ad088,zelda_wind_waker
0xab3cc69e,zelgius
0xabdef192,zero
0x2e803492,zero_mega_man_x
0xec65e744,zero_mgs
0x9ad0b675,zerosuit_samus
0xbfb9485f,zinger
0x421d9546,zip
0x157285a7,zipper_t_bunny
0xd00daef0,zl
0x5d69ec94,zoda
0x85d25f4c,zoomer
0xf49a2e78,zoras
0x42fdbbdd,zoroark
0x2a029393,zr
0x3aedb063,zygarde
0x18291d99,zygarde_complete